[{"departamento":"ATLANTICO","aliado":"INVESAKK LTDA","punto":"FNB - F. SAMIR BODEMAYOR (ATL.)"},{"departamento":"ATLANTICO","aliado":"ULTRACEM SAS","punto":"FNB ULTRACEM FERRETERIA SILOE (ATL)"},{"departamento":"ATLANTICO","aliado":"CORPORACION UNIVERSITARIA LATINOAMERICANA","punto":"FNB - CORPORACION UNIVERSITARIA LATINOAMERICANA (ATL)"},{"departamento":"ATLANTICO","aliado":"BICIMOTOS Y REPUESTOS S.A.S.","punto":"FNB - BICIMOTOS SUZUKI CORDIALIDAD (ATL)"},{"departamento":"ATLANTICO","aliado":"ESPUMADOS DEL LITORAL S.A.","punto":"FNB ESPUMADOS DEL LITORAL PORTAL DEL PRADO (ATL)"},{"departamento":"ATLANTICO","aliado":"FUNDACION UNIVERSITARIA CEIPA","punto":"FNB - CEIPA (ATL)"},{"departamento":"ATLANTICO","aliado":"INVERSIONES RIZZO S A.S","punto":"FNB - DIAGNOSTICAR (INVERSIONES RIZZO)(ATL)"},{"departamento":"ATLANTICO","aliado":"INVERSIONES RIZZO S A.S","punto":"FNB - DIAGNOSTICAR CLL 79 (INVERSIONES RIZZO)(ATL)"},{"departamento":"ATLANTICO","aliado":"LIND HOGAR","punto":"FNB - LIND HOGAR BARRANQUILLA (ATL)"},{"departamento":"ATLANTICO","aliado":"KREDITKASA SAS","punto":"FNB - KREDITKASA - C.C. NUESTRO ATLANTICO (ATL)"},{"departamento":"ATLANTICO","aliado":"KREDITKASA SAS","punto":"FNB - KREDITKASA - C.C PLAZA DEL SOL (ATL)"},{"departamento":"ATLANTICO","aliado":"GRUPO ROHO S.A.S.","punto":"FNB GRUPO ROHO PLADANI (ATL)"},{"departamento":"ATLANTICO","aliado":"SOLUCIONA IT S EN C.","punto":"FNB - SOLUGREEN AUTECO (ATL)"},{"departamento":"ATLANTICO","aliado":"CENTRO DE ENSEÑANZA AUTOMOVILISTICA CONDUCTORES INTELIGENTES SAS","punto":"FNB - CEA CONDUCTORES INTELIGENTES SAS (ATL)"},{"departamento":"ATLANTICO","aliado":"INVESAKK LTDA","punto":"FNB - F. SAMIR LA PLAZA (ATL.)"},{"departamento":"ATLANTICO","aliado":"MISCELANEA LA BODEGA DE SOLEDAD LTDA","punto":"FNB - MISCELANEA LA BODEGA DE SOLEDAD 2000 (ATL.)"},{"departamento":"ATLANTICO","aliado":"HERMANOS SANCHEZ VALLEJO Y CIA. S. EN C.","punto":"FNB - CERAMICAS ELIZABETH - HERMANOS SANCHEZ VALLEJO (ATL)"},{"departamento":"ATLANTICO","aliado":"CERAMIHOGAR FG S.A.S.","punto":"FNB CASA BRILLA CERAMIHOGAR SABANALARGA (ATL)"},{"departamento":"ATLANTICO","aliado":"GREEN ENERGY MOTORS S.A.S","punto":"FNB GREEN MOVILIDAD ELECTRICA BARRANQUILLA (ATL)"},{"departamento":"ATLANTICO","aliado":"FUNDACION UNIVERSIDAD DEL NORTE","punto":"FNB - FUNDACION UNIVERSIDAD DEL NORTE (ATL)"},{"departamento":"ATLANTICO","aliado":"ELECTRO AO S.A.S","punto":"FNB - AO SABANAGRANDE (ATL.)"},{"departamento":"ATLANTICO","aliado":"BE CLARO S.A.S","punto":"FNB - BE TIGO FLORIDA (ATL)"},{"departamento":"ATLANTICO","aliado":"MOTOCENTRO HONDA S.A.","punto":"FNB MOTOCENTRO HONDA STAND HOMECENTER (ATL)"},{"departamento":"ATLANTICO","aliado":"TODO MOTOS VS S.A.S","punto":"FNB - TODOMOTOS TODO HERO CORDIALIDAD (ATL)"},{"departamento":"ATLANTICO","aliado":"MONTERREY MOTOS S.A.S","punto":"FNB - MONTERREY MOTOS LA 8 (ATL)"},{"departamento":"ATLANTICO","aliado":"MONTERREY MOTOS S.A.S","punto":"FNB - MONTERREY MOTOS LA 38 (ATL)"},{"departamento":"ATLANTICO","aliado":"ELECTRO AO S.A.S","punto":"FNB - AO LAS TORRES (ATL)"},{"departamento":"ATLANTICO","aliado":"VIVA HOME S.A.S","punto":"FNB - VIVA PASEO BOLIVAR (ATL.)"},{"departamento":"ATLANTICO","aliado":"ALMACEN MOTOCAMPO S.A.","punto":"FNB - ALMACEN MOTOCAMPO SABANALARGA (ATL)"},{"departamento":"ATLANTICO","aliado":"MOTO EXPLORER S.A.S","punto":"FNB ¿ MOTO EXPLORER CORDIALIDAD (ATL)"},{"departamento":"ATLANTICO","aliado":"MER - K - FACIL S.A.S","punto":"FNB MERKAFACIL AKITUMOTO BARANOA (ATL)"},{"departamento":"ATLANTICO","aliado":"SURTI STEREO S.A.S.","punto":"FNB SURTI STEREO CALLE 38 (ATL)"},{"departamento":"ATLANTICO","aliado":"ULTRACEM SAS","punto":"FNB ULTRACEM FERRETERIA WILLSON LA 18 (ATL)"},{"departamento":"ATLANTICO","aliado":"UTILITARIOS S.A.S","punto":"FNB - MALAMBO CALLE 10 UMA (ATL)"},{"departamento":"ATLANTICO","aliado":"TODO MOTOS VS S.A.S","punto":"FNB - TODOMOTOS QMOTOS UMA LA 21 (ATL)"},{"departamento":"ATLANTICO","aliado":"UTILITARIOS S.A.S","punto":"FNB - GALAPA CALLE 10 UMA (ATL)"},{"departamento":"ATLANTICO","aliado":"UTILITARIOS S.A.S","punto":"FNB - BARRANQUILLA CRA 46 UMA (ATL)"},{"departamento":"ATLANTICO","aliado":"MULTIPISOS Y ELECTRODOMESTICOS DEL CARIBE SAS","punto":"FNB - MULTIPISOS (ATL)"},{"departamento":"ATLANTICO","aliado":"ELECTRO AO S.A.S","punto":"FNB - AO GALAPA (ATL.)"},{"departamento":"ATLANTICO","aliado":"ELECTRODOMESTICOS DE LA COSTA S.A.S","punto":"FNB ELECTROCOL CENTRO PRINCIPAL (ATL)"},{"departamento":"ATLANTICO","aliado":"TIRE CENTER GROUP SAS","punto":"FNB ¿ TIRE CENTER PORVENIR (ATL)"},{"departamento":"ATLANTICO","aliado":"MOTO CUBICO SAS","punto":"FNB - UMA BARRANQUILLA CRA 8 (ATL)"},{"departamento":"ATLANTICO","aliado":"INVERSIONES HERNANDEZ SINNING H&S S.A.S","punto":"FNB - INVERSIONES HERNANDEZ SINNING (ATL)"},{"departamento":"ATLANTICO","aliado":"FUNDACION UNIVERSITARIA ANTONIO DE AREVALO","punto":"FNB - FUNDACION UNIVERSITARIA ANTONIO DE AREVALO (ATL.)"},{"departamento":"ATLANTICO","aliado":"ALIANZAESTRENO SAS","punto":"FNB ALIANZA ESTRENO SURTIDORA PASEO BOLIVAR (ATL)"},{"departamento":"ATLANTICO","aliado":"ALIANZAESTRENO SAS","punto":"FNB ALIANZA ESTRENO SURTIDORA NO. 6 (ATL)"},{"departamento":"ATLANTICO","aliado":"ALIANZAESTRENO SAS","punto":"FNB ALIANZA ESTRENO MODA FRESK (ATL)"},{"departamento":"ATLANTICO","aliado":"ELECTRO AO S.A.S","punto":"FNB - AO CORDIALIDAD (ATL.)"},{"departamento":"ATLANTICO","aliado":"BICIMOTOS Y REPUESTOS S.A.S.","punto":"FNB- BICIMOTOS SUZUKI SOLEDAD (ATL)"},{"departamento":"ATLANTICO","aliado":"ALIANZA SURTIDORA SAS","punto":"FNB ALIANZA SURTIDORA CONFCCIONES DE LA 41 (ATL)"},{"departamento":"ATLANTICO","aliado":"GRUPO SUPERMOTOS S.A.S.","punto":"FNB - GRUPO SUPERMOTOS ALBORAYA (ATL)"},{"departamento":"ATLANTICO","aliado":"ULTRACEM SAS","punto":"FNB ULTRACEM X SUR S.A.S (ATL)"},{"departamento":"ATLANTICO","aliado":"ULTRACEM SAS","punto":"FNB ULTRACEM FERRETERIA DON WILLSON (ATL)"},{"departamento":"ATLANTICO","aliado":"ULTRACEM SAS","punto":"FNB ULTRACEM MATERIALES LA 22 ARQUITECTURA SAS (ATL)"},{"departamento":"ATLANTICO","aliado":"TODO MOTOS VS S.A.S","punto":"FNB - TODOMOTOS RIO MOTOS HONDA BARANOA (ATL)"},{"departamento":"ATLANTICO","aliado":"DISTRIBUIDORA FERRETERA WILLSON S.A.S.","punto":"FNB ¿ FERRETERIA WILLSON CALLE 30 (ATL.)"},{"departamento":"ATLANTICO","aliado":"CENCOSUD COLOMBIA S.A.","punto":"FNB - EASY ALTOS DEL PRADO (ATL)"},{"departamento":"ATLANTICO","aliado":"ULTRACEM SAS","punto":"FNB ULTRACEM FERROMATERIALES FIDEL SABANALARGA S.A.S (ATL)"},{"departamento":"ATLANTICO","aliado":"ULTRACEM SAS","punto":"FNB ULTRACEM FERRETERIA LAS BRISAS DE SIMON (ATL)"},{"departamento":"ATLANTICO","aliado":"TODO MOTOS VS S.A.S","punto":"FNB - TODOMOTOS QMOTOS UMA PUERTO COLOMBIA (ATL)"},{"departamento":"ATLANTICO","aliado":"ULTRACEM SAS","punto":"FNB ULTRACEM MATERIALES RUEDA CENTER (ATL)"},{"departamento":"ATLANTICO","aliado":"RUBE MOTOS S.A.S.","punto":"FNB - RUBE MOTOS CENTRO (ATL)"},{"departamento":"ATLANTICO","aliado":"CORPORACIÓN POLITÉCNICO DE LA COSTA ATLÁNTICA","punto":"FNB -CORPORACIÓN POLITÉCNICO DE LA COSTA ATLÁNTICA"},{"departamento":"ATLANTICO","aliado":"TODO MOTOS VS S.A.S","punto":"FNB - TODOMOTOS Q´MOTOS UMA SANTO TOMAS (ATL)"},{"departamento":"ATLANTICO","aliado":"TODO MOTOS VS S.A.S","punto":"FNB - TODOMOTOS HONDA SOLEDAD (ATL)"},{"departamento":"ATLANTICO","aliado":"TODO MOTOS VS S.A.S","punto":"FNB - TODOMOTOS HERO SOLEDAD (ATL)"},{"departamento":"ATLANTICO","aliado":"TODO MOTOS VS S.A.S","punto":"FNB - TODOMOTOS Q´MOTOS UMA SOLEDAD (ATL)"},{"departamento":"ATLANTICO","aliado":"QUIRON ENTRENAMIENTO EN SALUD S.A.S","punto":"FNB - GRUPO EMPRESARIAL INGENIO S.A.S. (ATL)"},{"departamento":"ATLANTICO","aliado":"INSTITUCION TECNICA DE FORMACION EN ARTES Y OFICIOS S.A.S.","punto":"FNB - INSTITUCION TECNICA DE FORMACION EN ARTES Y OFICIOS S.A.S. (ATL)"},{"departamento":"ATLANTICO","aliado":"FUNDACION INSTITUTO TECNICO DE LA SIERRA","punto":"FNB - FUNDACION INSTITUTO TECNICO DE LA SIERRA (ATL)"},{"departamento":"ATLANTICO","aliado":"CERAMIHOGAR FG S.A.S.","punto":"FNB CASA BRILLA CERAMIHOGAR GALAPA (ATL)"},{"departamento":"ATLANTICO","aliado":"SUPERTIENDAS OLIMPICA SA","punto":"FNB - OLIMPICA RECREO (ATL)"},{"departamento":"ATLANTICO","aliado":"SUPERTIENDAS OLIMPICA SA","punto":"FNB - OLÍMPICA KRA 36 (ATL.)"},{"departamento":"ATLANTICO","aliado":"SUPERTIENDAS OLIMPICA SA","punto":"FNB - STO 019 SANTO TOMAS (ATL.)"},{"departamento":"ATLANTICO","aliado":"SUPERTIENDAS OLIMPICA SA","punto":"FNB - SAO 094 VILLA CAROLINA (ATL.)"},{"departamento":"ATLANTICO","aliado":"SUPERTIENDAS OLIMPICA SA","punto":"FNB - OLIMPICA STO 033 SOLEDAD 2000 (ATL.)"},{"departamento":"ATLANTICO","aliado":"SUPERTIENDAS OLIMPICA SA","punto":"FNB - SAO 53 (ATL.)"},{"departamento":"ATLANTICO","aliado":"SUPERTIENDAS OLIMPICA SA","punto":"FNB - SAO HIPODROMO (ATL.)"},{"departamento":"ATLANTICO","aliado":"SUPERTIENDAS OLIMPICA SA","punto":"FNB - OLIMPICA LOS ROBLES (ATL.)"},{"departamento":"ATLANTICO","aliado":"SUPERTIENDAS OLIMPICA SA","punto":"FNB - OLIMPICA LA 21 (ATL.)"},{"departamento":"ATLANTICO","aliado":"SUPERTIENDAS OLIMPICA SA","punto":"FNB - OLIMPICA BARANOA (ATL.)"},{"departamento":"ATLANTICO","aliado":"MAS MOTOS MAS REPUESTOS SAS","punto":"FNB - MAS MOTOS MAS REPUESTOS SIMON BOLIVAR (ATL)"},{"departamento":"ATLANTICO","aliado":"CENTRO DE ENSEÑANZA AUTOMOVILISTICA MAESTROS AL VOLANTE S.A.S.","punto":"FNB MAESTROS AL VOLANTE (ATL)"},{"departamento":"ATLANTICO","aliado":"SMS ELECTRONIC S.A.S","punto":"FNB - SMS ELECTRONIC VIVA BARRANQUILA (ATL)"},{"departamento":"ATLANTICO","aliado":"ULTRACEM SAS","punto":"FNB ULTRACEM DISTRIBUCIONES PRADA S.A.S (ATL)"},{"departamento":"ATLANTICO","aliado":"MOTO EXPLORER S.A.S","punto":"FNB ¿ MOTO EXPLORER CRA 41 (ATL)"},{"departamento":"ATLANTICO","aliado":"TODO MOTOS VS S.A.S","punto":"FNB - TODOMOTOS QMOTOS UMA SAN MARTIN (ATL)"},{"departamento":"ATLANTICO","aliado":"DISTRIBUIDORA FERRETERA WILLSON S.A.S.","punto":"FNB - F. WILLSON LAS MORAS SOLEDAD (ATL.)"},{"departamento":"ATLANTICO","aliado":"MOTOCENTRO HONDA S.A.","punto":"FNB MOTOCENTRO HONDA SIMON BOLIVAR (ATL)"},{"departamento":"ATLANTICO","aliado":"RUBE MOTOS S.A.S.","punto":"FNB - RUBE MOTOS BOSTON (ATL)"},{"departamento":"ATLANTICO","aliado":"BE CLARO S.A.S","punto":"FNB - BE TIGO LA 46 (ATL)"},{"departamento":"ATLANTICO","aliado":"SMS ELECTRONIC S.A.S","punto":"FNB - SMS ELECTRONIC PORTAL DEL PRADO B/QUILLA (ATL)"},{"departamento":"ATLANTICO","aliado":"ESPUMADOS DEL LITORAL S.A.","punto":"FNB ¿ ESPUMADOS DEL LITORAL CALLE 77 (ATL)"},{"departamento":"ATLANTICO","aliado":"VIVA HOME S.A.S","punto":"FNB VIVA PANORAMA (ATL)"},{"departamento":"ATLANTICO","aliado":"VIVA HOME S.A.S","punto":"FNB -VIVA NUESTRO ATLANTICO (ATL)"},{"departamento":"ATLANTICO","aliado":"VIVA HOME S.A.S","punto":"FNB - VIVA METROPOLITANO (ATL.)"},{"departamento":"ATLANTICO","aliado":"SMS ELECTRONIC S.A.S","punto":"FNB - SMS ELECTRONIC PLAZA DEL SOL SOLEDAD (ATL)"},{"departamento":"ATLANTICO","aliado":"ESPUMADOS DEL LITORAL S.A.","punto":"FNB ¿ ESPUMADOS DEL LITORAL CENTRO COMERCIAL ALEGRA (ATL)"},{"departamento":"ATLANTICO","aliado":"SUSUKI MOTOR DE COLOMBIA S.A","punto":"FNB ¿ ALMACEN DIRECTO BARRANQUILLA (ATL)"},{"departamento":"ATLANTICO","aliado":"DISTRIBUCIONES DIAZ RAMOS S.A.S","punto":"FNB - DIAZ RAMOS (ATL.)"},{"departamento":"ATLANTICO","aliado":"MOTO CUBICO SAS","punto":"FNB - MOTOCUBICO HERO BARRANQUILLA CRA 8 (ATL)"},{"departamento":"ATLANTICO","aliado":"DE TODO PARA EL HOGAR S.A.","punto":"FNB - DE TODO PARA EL HOGAR (ATL.)"},{"departamento":"ATLANTICO","aliado":"DE TODO PARA EL HOGAR S.A.","punto":"FNB - DE TODO PARA EL HOGAR 5 (ATL.)"},{"departamento":"ATLANTICO","aliado":"CORPORACION UNIVERSITARIA MINUTO DE DIOS","punto":"FNB - CORPORACION UNIVERSITARIA MINUTO DE DIOS (ATL)"},{"departamento":"ATLANTICO","aliado":"SMS ELECTRONIC S.A.S","punto":"FNB - SMS ELECTRONIC BUENA VISTA BARRANQUILLA (ATL)"},{"departamento":"ATLANTICO","aliado":"CERAMIHOGAR FG S.A.S.","punto":"FNB CASA BRILLA CERAMIHOGAR SANTO TOMAS (ATL)"},{"departamento":"ATLANTICO","aliado":"COLCHONES Y MUEBLES RELAX S.A.","punto":"FNB - RELAX CALLE 77 (ATL.)"},{"departamento":"ATLANTICO","aliado":"COLCHONES Y MUEBLES RELAX S.A.","punto":"FNB - RELAX PLAZA DEL SOL (ATL.)"},{"departamento":"ATLANTICO","aliado":"ULTRACEM SAS","punto":"FNB ULTRACEM DISTRIMATERIALES LA VICTORIA (ATL)"},{"departamento":"ATLANTICO","aliado":"MOTO EXPLORER S.A.S","punto":"FNB ¿ MOTO EXPLORER CRA 43 (ATL)"},{"departamento":"ATLANTICO","aliado":"CENCOSUD COLOMBIA S.A.","punto":"FNB - 177 METRO SAN FRANCISCO (ATL)"},{"departamento":"ATLANTICO","aliado":"FUNDACION TECNAR ATLANTICO","punto":"FNB - FUNDACION TECNAR (ATL.)"},{"departamento":"ATLANTICO","aliado":"KREDITKASA SAS","punto":"FNB - KREDITKASA - C.C CARNAVAL (ATL)"},{"departamento":"ATLANTICO","aliado":"MONTERREY MOTOS S.A.S","punto":"FNB - MONTERREY MOTOS LA 21 (ATL)"},{"departamento":"ATLANTICO","aliado":"INVERSALUD DE LAS AMERICAS S.A.S.","punto":"FNB - ORALTY MURILLO - (ATL.)"},{"departamento":"ATLANTICO","aliado":"INVERSALUD DE LAS AMERICAS S.A.S.","punto":"FNB - ORALTY SOLEDAD - (ATL.)"},{"departamento":"ATLANTICO","aliado":"COLCHONES AMERICAN RELAX SAS","punto":"FNB COLCHONES SERRATI (ATL)"},{"departamento":"ATLANTICO","aliado":"INVESAKK LTDA","punto":"FNB - FERRETERÍA SAMIR CARIBE VERDE (ATL)"},{"departamento":"ATLANTICO","aliado":"COMPAÑIA COLOMBIANA DE CERAMICA SA","punto":"FNB - VISTE TU CASA CORONA (ATL.)"},{"departamento":"ATLANTICO","aliado":"DISTRIBUCIONES CANO ACUÑA S.A.S","punto":"FNB DISTRIBUCIONES CANO ACUÑA (ATL)"},{"departamento":"ATLANTICO","aliado":"MACOSER S.A.","punto":"FNB - CASA BRILLA MACOSER SOLEDAD (ATL)"},{"departamento":"ATLANTICO","aliado":"MACOSER S.A.","punto":"FNB - MACOSER (ATL.)"},{"departamento":"ATLANTICO","aliado":"MUEBLES JAMAR S.A.","punto":"FNB MUEBLES JAMAR NORTE BARRANQUILLA (ATL)"},{"departamento":"ATLANTICO","aliado":"C.E.A. DE SOLEDAD S.A.S.","punto":"FNB - CEA DE SOLEDAD LOS ROBLES (ATL)"},{"departamento":"ATLANTICO","aliado":"COMERCIALIZADORA ELEKTROAS S.A.S","punto":"FNB- ELEKTROAS CENTRO (ATL)"},{"departamento":"ATLANTICO","aliado":"COMERCIALIZADORA ELEKTROAS S.A.S","punto":"FNB- ELEKTROAS CORDIALIDAD (ATL)"},{"departamento":"ATLANTICO","aliado":"COMERCIALIZADORA ELEKTROAS S.A.S","punto":"FNB- ELEKTROAS GALAPA (ATL)"},{"departamento":"ATLANTICO","aliado":"COMERCIALIZADORA ELEKTROAS S.A.S","punto":"FNB- ELEKTROAS HIPODROMO (ATL)"},{"departamento":"ATLANTICO","aliado":"KREDITKASA SAS","punto":"FNB - KREDITKASA SANTO TOMAS EL POBLADO (ATL)"},{"departamento":"ATLANTICO","aliado":"TODO CREDITO COLOMBIA SAS","punto":"FNB TODO CREDITO PRINCIPAL (ATL)"},{"departamento":"ATLANTICO","aliado":"ELECTRO AO S.A.S","punto":"FNB - AO CENTRO (ATL.)"},{"departamento":"ATLANTICO","aliado":"ELECTRO 4 LTDA","punto":"FNB - ELECTRO4 HIPODROMO (ATL)"},{"departamento":"ATLANTICO","aliado":"TODO MOTOS VS S.A.S","punto":"FNB - TODOMOTOS MOTOPATODOS SABANAGRANDE (ATL)"},{"departamento":"ATLANTICO","aliado":"COMERCIALIZADORA ELEKTROAS S.A.S","punto":"FNB- ELEKTROAS LA 51 PILOTO (ATL)"},{"departamento":"ATLANTICO","aliado":"CENTRO DE ENSEÑANZA AUTOMOVILISTICA CONDUCCION DEL LITORAL S.A.S.","punto":"FNB CEA CONDUCCION DEL LITORAL (ATL)"},{"departamento":"ATLANTICO","aliado":"LUIS NAPOLEON CALDERON MENDOZA","punto":"FNB - LUIS XV BARRANQUILLA (ATL)"},{"departamento":"ATLANTICO","aliado":"INVERSIONES DAMA SALUD S.A.","punto":"FNB - SONRIA CEVILLAR (ATL.)"},{"departamento":"ATLANTICO","aliado":"ALMACEN MOTOCAMPO S.A.","punto":"FNB - ALMACEN MOTOCAMPO GALAPA (ATL)"},{"departamento":"ATLANTICO","aliado":"INVESAKK LTDA","punto":"FNB - F. SAMIR KR 8 (ATL)"},{"departamento":"ATLANTICO","aliado":"MER - K - FACIL S.A.S","punto":"FNB MERKAFACIL AKITUMOTO MALAMBO (ATL)"},{"departamento":"ATLANTICO","aliado":"ESPUMADOS DEL LITORAL S.A.","punto":"FNB ¿ ESPUMADOS DEL LITORAL CIRCUNVALAR (ATL)"},{"departamento":"ATLANTICO","aliado":"INSTITUTO CENTRO DE SISTEMAS S.A.S","punto":"FNB - SYSTEM CENTER - INSTITUTO DE SISTEMAS (ATL)"},{"departamento":"ATLANTICO","aliado":"C.E.A. MANEJANDO CUS LTDA","punto":"FNB - OFICINA PRINCIPAL MANEJANDO CUS (ATL)"},{"departamento":"ATLANTICO","aliado":"INVESAKK LTDA","punto":"FNB - F. SAMIR SANTO TOMAS (ATL)"},{"departamento":"ATLANTICO","aliado":"ULTRACEM SAS","punto":"FNB ULTRACEM DISTRIBUIDOR FERRETERIA EBENECER S.A.S (ATL)"},{"departamento":"ATLANTICO","aliado":"SMS ELECTRONIC S.A.S","punto":"FNB - SMS ELECTRONIC VILLA COUNTRY B/QUILLA (ATL)"},{"departamento":"ATLANTICO","aliado":"GRUPO UMA S.A.S.","punto":"FNB - GRUPO UMA BARRANQUILLA (ATL)"},{"departamento":"ATLANTICO","aliado":"COMPAÑIA DE MARKETING Y SERVICIOS S.A.S","punto":"FNB - CENTRO DE EXPERIENCIA WEPAI CALLE 74 (ATL)"},{"departamento":"ATLANTICO","aliado":"HERMANOS SANCHEZ VALLEJO Y CIA. S. EN C.","punto":"FNB - ARQUIDECORADOS (ATL)"},{"departamento":"ATLANTICO","aliado":"MOTO EXPLORER S.A.S","punto":"FNB ¿ MOTO EXPLORER SOLEDAD (ATL)"},{"departamento":"ATLANTICO","aliado":"LORENA PATRICIA AVENDAÑO URUETA","punto":"FNB - MUNDO MOTO BARANOA - LORENA AVENDAÑO (ATL)"},{"departamento":"ATLANTICO","aliado":"BICIMOTOS Y REPUESTOS S.A.S.","punto":"FNB - BICIMOTOS SUZUKI PRINCIPAL (ATL)"},{"departamento":"ATLANTICO","aliado":"BANAMOTOS S.A.S.","punto":"FNB - BANAMOTOS BARRANQUILLA (ATL)"},{"departamento":"ATLANTICO","aliado":"SIMPLIFICAR S.A.S.","punto":"FNB - SIMPLIFICAR S.A.S (ATL)"},{"departamento":"ATLANTICO","aliado":"TODO MOTOS VS S.A.S","punto":"FNB - TODOMOTOS QMOTOS UMA SABANAGRANDE (ATL)"},{"departamento":"ATLANTICO","aliado":"TODO MOTOS VS S.A.S","punto":"FNB - MOTOPATODOS AKT PUERTO COLOMBIA (ATL)"},{"departamento":"ATLANTICO","aliado":"TODO MOTOS VS S.A.S","punto":"FNB- TODOMOTOS Q´ MOTOS BARRANQUILLA (ATL)"},{"departamento":"ATLANTICO","aliado":"BE CLARO S.A.S","punto":"FNB - BE TIGO PORTAL DEL PRADO GOLD (ATL)"},{"departamento":"ATLANTICO","aliado":"MULTILLANTAS MAS QUE LLANTAS S.A.S","punto":"FNB - MULTILLANTAS CRA 26 (ATL)"},{"departamento":"ATLANTICO","aliado":"GRUPO UMA S.A.S.","punto":"FNB - GRUPO UMA SOLEDAD CALLE 15A (ATL)"},{"departamento":"ATLANTICO","aliado":"ALMACEN CICLOMARTINEZ S.A","punto":"FNB - CICLOMARTINEZ ALMACEN 21 (ATL)"},{"departamento":"ATLANTICO","aliado":"DORYS LOPEZ COMPAÑÍA S EN C","punto":"FNB JIREHTRAVEL (ATL)"},{"departamento":"ATLANTICO","aliado":"SUPERTIENDAS OLIMPICA SA","punto":"FNB - OLIMPICA LAS TORRES (ATL.)"},{"departamento":"ATLANTICO","aliado":"COLOMBIANA DE COMERCIO S.A","punto":"FNB - ALKOSTO CALLE 98 (ATL.)"},{"departamento":"ATLANTICO","aliado":"TODO MOTOS VS S.A.S","punto":"FNB - TODOMOTOS RIO MOTOS HONDA MALAMBO (ATL)"},{"departamento":"ATLANTICO","aliado":"MOTO CUBICO SAS","punto":"FNB ¿ UMA MOTO CUBICO MALAMBO (ATL)"},{"departamento":"ATLANTICO","aliado":"ALMACEN MOTOCAMPO S.A.","punto":"FNB - MOTOCAMPO DEL MAR CORDIALIDAD 14 (ATL)"},{"departamento":"ATLANTICO","aliado":"TODO MOTOS VS S.A.S","punto":"FNB - TODOMOTOS MOTO PA TODOS BARANOA AKT (ATL)"},{"departamento":"ATLANTICO","aliado":"TODO CREDITO COLOMBIA SAS","punto":"FNB TODO CREDITO CORDIALIDAD NO. 02 (ATL)"},{"departamento":"ATLANTICO","aliado":"TODO CREDITO COLOMBIA SAS","punto":"FNB TODO CREDITO PASEO BOLIVAR NO. 01 (ATL)"},{"departamento":"ATLANTICO","aliado":"INVESAKK LTDA","punto":"FNB - F. SAMIR NORTE (ATL.)"},{"departamento":"ATLANTICO","aliado":"INVESAKK LTDA","punto":"FNB - F. SAMIR LUZKAL (ATL.)"},{"departamento":"ATLANTICO","aliado":"INVESAKK LTDA","punto":"FNB - F. SAMIR FERREMAYOR (ATL.)"},{"departamento":"ATLANTICO","aliado":"CENTRO DE INFORMATICA DEL CARIBE LTDA","punto":"FNB - CENTRO DE INFORMATICA DEL CARIBE LTDA (ATL)"},{"departamento":"ATLANTICO","aliado":"INVESAKK LTDA","punto":"FNB - F. SAMIR REMACO (ATL.)"},{"departamento":"ATLANTICO","aliado":"INVESAKK LTDA","punto":"FNB - FERRETERÍA SAMIR 2 (ATL.)"},{"departamento":"ATLANTICO","aliado":"ULTRACEM SAS","punto":"FNB ULTRACEM FERREMATE BARRANQUILLA (ATL)"},{"departamento":"ATLANTICO","aliado":"KREDITKASA SAS","punto":"FNB KREDITKASA MI PLAZA LOS ROBLES (ATL)"},{"departamento":"ATLANTICO","aliado":"ULTRACEM SAS","punto":"FNB ULTRACEM FERREMATERIALES LISSARA (ATL)"},{"departamento":"ATLANTICO","aliado":"ELECTRO AO S.A.S","punto":"FNB - AO SANTO TOMAS (ATL.)"},{"departamento":"ATLANTICO","aliado":"CERAMICA ITALIA SA","punto":"FNB CERAMICA ITALIA CALLE 30 (ATL)"},{"departamento":"ATLANTICO","aliado":"TODO MOTOS VS S.A.S","punto":"FNB - TODOMOTOS HONDA BQUILLA LA 21 (ATL)"},{"departamento":"ATLANTICO","aliado":"ULTRACEM SAS","punto":"FNB ULTRACEM FERRETERIA EL CONTROL # 1 (ATL)"},{"departamento":"ATLANTICO","aliado":"ULTRACEM SAS","punto":"FNB ULTRACEM DISTRIMATERIALES DAGO (ATL)"},{"departamento":"ATLANTICO","aliado":"ELECTRO AO S.A.S","punto":"FNB - AO SABANALARGA (ATL.)"},{"departamento":"ATLANTICO","aliado":"LUIS NAPOLEON CALDERON MENDOZA","punto":"FNB - LUIS XV SANTO TOMÁS (ATL)"},{"departamento":"ATLANTICO","aliado":"ULTRACEM SAS","punto":"FNB ULTRACEM DISTRIBUCIONES RCA S.A.S (ATL)"},{"departamento":"ATLANTICO","aliado":"GRUPO UMA S.A.S.","punto":"FNB - GRUPO UMA SOLEDAD CALLE 18 (ATL)"},{"departamento":"ATLANTICO","aliado":"BE CLARO S.A.S","punto":"FNB - BE TIGO HOGAR CENTRO (ATL)"},{"departamento":"ATLANTICO","aliado":"CABARCAS SARMIENTO S.A.S.","punto":"FNB CABARCAS SARMIENTO BARRANQUILLA (ATL)"},{"departamento":"ATLANTICO","aliado":"ESTAR S.A.S.","punto":"FNB ESTAR BARRANQUILLA (ATL)"},{"departamento":"ATLANTICO","aliado":"ULTRACEM SAS","punto":"FNB ULTRACEM FERRETERIA WILLSON 4 (ATL)"},{"departamento":"ATLANTICO","aliado":"MER - K - FACIL S.A.S","punto":"FNB MERKAFACIL AKITUMOTO SANTO TOMAS (ATL)"},{"departamento":"ATLANTICO","aliado":"LUIS RESTREPO PELAEZ S.A.S","punto":"FNB - LR PELAEZ (ATL)"},{"departamento":"ATLANTICO","aliado":"BICIMOTOS Y REPUESTOS S.A.S.","punto":"FNB - BICIMOTOS SUSUKI CRA 8 (ATL)"},{"departamento":"ATLANTICO","aliado":"INVERSIONES KOMBAT BIKER S.A.S","punto":"FNB- KOMBAT BIKER (ATL)"},{"departamento":"ATLANTICO","aliado":"COMPULAGO S.A.S.","punto":"FNB - COMPULAGO ELECTROLAGO CENTRO (ATL.)"},{"departamento":"ATLANTICO","aliado":"COLOMBIANA DE COMERCIO S.A","punto":"FNB ¿ Ktronix Barranquilla(ATL)"},{"departamento":"ATLANTICO","aliado":"ULTRACEM SAS","punto":"FNB ULTRACEM FERRETERIA J.F.A. LTDA (ATL)"},{"departamento":"ATLANTICO","aliado":"UTILITARIOS S.A.S","punto":"FNB - SOLEDAD CALLE 18 UMA (ATL)"},{"departamento":"ATLANTICO","aliado":"TIRE CENTER GROUP SAS","punto":"FNB - TIRE CENTER BOSTON (ATL)"},{"departamento":"ATLANTICO","aliado":"GRUPO SUPERMOTOS S.A.S.","punto":"FNB - GRUPO SUPERMOTOS CENTRO (ATL)"},{"departamento":"ATLANTICO","aliado":"UTILITARIOS S.A.S","punto":"FNB - SABANALARGA CRA 23 UMA (ATL)"},{"departamento":"ATLANTICO","aliado":"CORPORACION EDUCATIVA FORMAR C.E.F","punto":"FNB - CORPORACION FORMAR (ATL)"},{"departamento":"ATLANTICO","aliado":"ELECTRODOMESTICOS DE LA COSTA S.A.S","punto":"FNB ELECTROCOL COLCHONES (ATL)"},{"departamento":"ATLANTICO","aliado":"UTILITARIOS S.A.S","punto":"FNB - BARANOA CRA 19 UMA (ATL)"},{"departamento":"ATLANTICO","aliado":"MORARCI GROUP S.A.S.","punto":"FNB MORARCI GROUP PDV 44 (ATL)"},{"departamento":"ATLANTICO","aliado":"ELECTRODOMESTICOS DE LA COSTA S.A.S","punto":"FNB ELECTROCOL 76 (ATL)"},{"departamento":"ATLANTICO","aliado":"ALIANZAESTRENO SAS","punto":"FNB ALIANZA ESTRENO BARANOA (ATL)"},{"departamento":"ATLANTICO","aliado":"TODO MOTOS VS S.A.S","punto":"FNB - TODOMOTOS MOTOPATODOS AKT LA 21 (ATL)"},{"departamento":"ATLANTICO","aliado":"DISTRITODO VS S.A.S","punto":"FNB DISTRITODO BARRANQUILLA (ATL)"},{"departamento":"ATLANTICO","aliado":"MORARCI GROUP S.A.S.","punto":"FNB MORARCI GROUP PDV 40 (ATL)"},{"departamento":"ATLANTICO","aliado":"CRUZ ROJA COLOMBIANA SECCIONAL ATLANTICO","punto":"FNB - CRUZ ROJA COLOMBIANA SECCIONAL ATLANTICO (ATL)"},{"departamento":"ATLANTICO","aliado":"MOTO CUBICO SAS","punto":"FNB - AKT MALAMBO (ATL)"},{"departamento":"ATLANTICO","aliado":"MACOSER S.A.","punto":"FNB - MACOSER CASA BRILLA SABANALARGA (ATL)"},{"departamento":"ATLANTICO","aliado":"FERRETERIA DON KIKE S.A.S","punto":"FNB - FERRETERIA DON KIKE (ATL.)"},{"departamento":"ATLANTICO","aliado":"CERAMIHOGAR FG S.A.S.","punto":"FNB - CASA BRILLA CERAMIHOGAR BARANOA(ATL)"},{"departamento":"ATLANTICO","aliado":"VIVA HOME S.A.S","punto":"FNB -VIVA CC CARNAVAL (ATL)"},{"departamento":"ATLANTICO","aliado":"INVERSALUD DE LAS AMERICAS S.A.S.","punto":"FNB - ORALTY PRADO - (ATL.)"},{"departamento":"ATLANTICO","aliado":"INVESAKK LTDA","punto":"FNB- F. SAMIR SOLEDAD (ATL)"},{"departamento":"ATLANTICO","aliado":"ELECTRO AO S.A.S","punto":"FNB - ELECTRO AO BARANOA (ATL)"},{"departamento":"ATLANTICO","aliado":"INVERSIONES DAMA SALUD S.A.","punto":"FNB - SONRIA RECREO (ATL.)"},{"departamento":"ATLANTICO","aliado":"TODO MOTOS VS S.A.S","punto":"FNB - TODOMOTOS QMOTOS LA 38 (ATL)"},{"departamento":"ATLANTICO","aliado":"ALMACENES EXITO S.A.","punto":"FNB - Exito 77 (ATL.)"},{"departamento":"ATLANTICO","aliado":"COMERCIALIZADORA RYM S.A.S","punto":"FNB - COMPUCOMERCIAL (ATL.)"},{"departamento":"ATLANTICO","aliado":"MUEBLES JAMAR S.A.","punto":"FNB MUEBLES JAMAR PRINCIPAL (ATL)"},{"departamento":"ATLANTICO","aliado":"BICIMOTOS Y REPUESTOS S.A.S.","punto":"FNB - BICIMOTOS SUZUKI SABANALARGA (ATL)"},{"departamento":"ATLANTICO","aliado":"INSTITUTO TECNICO DE ADMINISTRACION Y SALUD INCATEC","punto":"FNB - INCATEC (ATL)"},{"departamento":"ATLANTICO","aliado":"ESPUMADOS DEL LITORAL S.A.","punto":"FNB - ESPUMADOS DEL LITORAL (ATL)"},{"departamento":"ATLANTICO","aliado":"ALMACENES EXITO S.A.","punto":"FNB - ÉXITO BUENAVISTA (ATL)"},{"departamento":"ATLANTICO","aliado":"INSTITUCION DE EDUCACION TECNICA INDETEC S.A.S.","punto":"FNB - INSTITUCION DE EDUCACION TECNICA INDETEC S.A.S. (ATL)"},{"departamento":"ATLANTICO","aliado":"CORPORACIÓN UNIVERSITARIA REFORMADA","punto":"FNB - CORPORACIÓN UNIVERSITARIA REFORMADA (ATL)"},{"departamento":"ATLANTICO","aliado":"CORPORACIÓN TECNOLÓGICA INDOAMÉRICA","punto":"FNB - CORPORACIÓN TECNOLÓGICA INDOAMÉRICA (ATL)"},{"departamento":"ATLANTICO","aliado":"SUPERTIENDAS OLIMPICA SA","punto":"FNB - SAO MACARENA (ATL.)"},{"departamento":"ATLANTICO","aliado":"ALMACENES EXITO S.A.","punto":"FNB - ÉXITO MALAMBO(ATL)"},{"departamento":"ATLANTICO","aliado":"BACHILLERATO TÉCNICO AUTODIRIGIDO LTDA.","punto":"FNB - BACHILLERATO TÉCNICO AUTODIRIGIDO (ATL)"},{"departamento":"ATLANTICO","aliado":"CENTRO INCA LTDA","punto":"FNB - CENTRO INCA (ATL)"},{"departamento":"ATLANTICO","aliado":"CORPORACION UNIVERSITARIA EMPRESARIAL DE SALAMANCA","punto":"FNB - CORPORACION UNIVERSITARIA EMPRESARIAL DE SALAMANCA (ATL)"},{"departamento":"ATLANTICO","aliado":"COLVENTAS S.A","punto":"FNB - COLVENTAS (ATL.)"},{"departamento":"ATLANTICO","aliado":"COLOMBIANA DE COMERCIO S.A","punto":"FNB - AKT SOLEDAD (ATL)"},{"departamento":"ATLANTICO","aliado":"CENTRO EDUCATIVO INTEGRAL EN SEGURIDAD LTDA","punto":"FNB - CENTRO EDUCATIVO INTEGRAL EN SEGURIDAD LTDA. (ATL.)"},{"departamento":"ATLANTICO","aliado":"ALCA LTDA","punto":"FNB - ALCA SUCURSAL (ATL.)"},{"departamento":"ATLANTICO","aliado":"DENTICENTER","punto":"FNB - DENTICENTER CRA. 50 (ATL)"},{"departamento":"ATLANTICO","aliado":"ELECTROREYES LTDA","punto":"FNB - ELECTROREYES BARANOA (ATL.)"},{"departamento":"ATLANTICO","aliado":"ELECTROREYES LTDA","punto":"FNB - ELECTROREYES SABANALARGA (ATL.)"},{"departamento":"ATLANTICO","aliado":"ALMACEN MOTOCAMPO S.A.","punto":"FNB - MOTOCAMPO HERO BARRANQUILLA (ATL)"},{"departamento":"ATLANTICO","aliado":"COLOMBIANA DE COMERCIO S.A","punto":"FNB - ALKOMPRAR BARRANQUILLA - (ATL.)"},{"departamento":"ATLANTICO","aliado":"CORPORACION UNIVERSITARIA AMERICANA","punto":"FNB - CORPORACION UNIVERSITARIA AMERICANA (ATL)"},{"departamento":"ATLANTICO","aliado":"ELECTROREYES LTDA","punto":"FNB - ELECTROREYES BARRANQUILLA (ATL.)"},{"departamento":"ATLANTICO","aliado":"ELECTRO 4 LTDA","punto":"FNB - ELECTRO 4 BARRANQUILLA (ATL.)"},{"departamento":"ATLANTICO","aliado":"POLITECNICO GRANCOLOMBIANO","punto":"FNB - POLITECNICO GRANCOLOMBIANO (ATL)"},{"departamento":"ATLANTICO","aliado":"FUNDACION INSTITUTO RICARDO MANZUR","punto":"FNB - FUNDACION INSTITUTO RICARDO MANZUR (ATL)"},{"departamento":"ATLANTICO","aliado":"VIVA HOME S.A.S","punto":"FNB - VIVA PLAZA DEL SOL (ATL.)"},{"departamento":"ATLANTICO","aliado":"CERAMIHOGAR FG S.A.S.","punto":"FNB - CERAMIHOGAR FG SABANALARGA (ATL)"},{"departamento":"ATLANTICO","aliado":"COLOMBIANA DE COMERCIO S.A","punto":"FNB - AKT BARRANQUILLA 1 (ATL.)"},{"departamento":"ATLANTICO","aliado":"MATERIALES LA CORDIALIDAD S.A.S","punto":"FNB - MATERIALES LA CORDIALIDAD - (ATL.)"},{"departamento":"ATLANTICO","aliado":"SODIMAC COLOMBIA S.A.","punto":"FNB - HOMECENTER CALLE 30 - (ATL.)"},{"departamento":"ATLANTICO","aliado":"EDGARDO CANO ACUÑA","punto":"FNB - EDGARDO CANO PRINCIPAL (ATL)"},{"departamento":"ATLANTICO","aliado":"COLOMBIANA DE COMERCIO S.A","punto":"FNB - AKT BARRANQUILLA 4 (ATL.)"},{"departamento":"ATLANTICO","aliado":"LAMI SAS","punto":"FNB - LAMI ZONA SUR (ATL.)"},{"departamento":"ATLANTICO","aliado":"LAMI SAS","punto":"FNB - LAMI ZONA NORTE (ATL.)"},{"departamento":"ATLANTICO","aliado":"ALMACENES EXITO S.A.","punto":"FNB - EXITO 4036 - SABANALARGA (ATL.)"},{"departamento":"ATLANTICO","aliado":"ALMACENES EXITO S.A.","punto":"FNB - EXITO 171 - SOLEDAD (ATL.)"},{"departamento":"ATLANTICO","aliado":"SODIMAC COLOMBIA S.A.","punto":"FNB - HOMECENTER CENTRO (ATL.)"},{"departamento":"ATLANTICO","aliado":"SODIMAC COLOMBIA S.A.","punto":"FNB - HOMECENTER NORTE (ATL.)"},{"departamento":"ATLANTICO","aliado":"SUPERTIENDAS OLIMPICA SA","punto":"FNB - OLIMPICA SUPERTECH(ATL)"},{"departamento":"ATLANTICO","aliado":"COMERCIALIZADORA EASY S.A.S.","punto":"FNB - EASY CASA BRILLA GALAPA (ATL)"},{"departamento":"ATLANTICO","aliado":"ELECTRO AO S.A.S","punto":"FNB - CASA BRILLA ELECTRO AO MALAMBO (ATL)"},{"departamento":"ATLANTICO","aliado":"CENCOSUD COLOMBIA S.A.","punto":"FNB - 43 JUMBO ALTOS DEL PRADO (ATL)"},{"departamento":"ATLANTICO","aliado":"HERMANOS SANCHEZ VALLEJO Y CIA. S. EN C.","punto":"FNB - ARQUIDECORADOS SAN LORENZO (ATL)"},{"departamento":"ATLANTICO","aliado":"INVERSIONES DAMA SALUD S.A.","punto":"FNB - SONRIA PRADO (ATL.)"},{"departamento":"ATLANTICO","aliado":"SMS ELECTRONIC S.A.S","punto":"FNB - SMS ELECTRONIC ISLA PARQUE ALEGRA (ATL)"},{"departamento":"ATLANTICO","aliado":"ALMACENES EXITO S.A.","punto":"FNB - EXITO 368 - SAN FRANCISCO (ATL.)"},{"departamento":"ATLANTICO","aliado":"ALMACENES EXITO S.A.","punto":"FNB - EXITO 369 - PANORAMA (ATL.)"},{"departamento":"ATLANTICO","aliado":"ALMACENES EXITO S.A.","punto":"FNB - EXITO 41 - BARRANQUILLA 51B (ATL.)"},{"departamento":"ATLANTICO","aliado":"MORARCI GROUP S.A.S.","punto":"FNB MORARCI GROUP PDV 62 (ATL)"},{"departamento":"ATLANTICO","aliado":"MOTORED DE COLOMBIA S.A.S","punto":"FNB MOTORED BARRANQUILLA (ATL)"},{"departamento":"ATLANTICO","aliado":"VIVA HOME S.A.S","punto":"FNB - VIVA MI PLAZA LOS ROBLES (ATL)"},{"departamento":"ATLANTICO","aliado":"BILEXA LIMITADA","punto":"FNB - BILEXA CALLE 38 (ATL)"},{"departamento":"ATLANTICO","aliado":"GRUPO SUPERMOTOS S.A.S.","punto":"FNB - GRUPO SUPERMOTOS BOSTON (ATL)"},{"departamento":"ATLANTICO","aliado":"COLCHONES Y MUEBLES RELAX S.A.","punto":"FNB - RELAX JUAN MINA (ATL.)"},{"departamento":"ATLANTICO","aliado":"MOTO CUBICO SAS","punto":"FNB ¿ AKT MOTO CUBICO BARRANQUILLA (ATL)"},{"departamento":"ATLANTICO","aliado":"TODO MOTOS VS S.A.S","punto":"FNB - TODOMOTOS MOTOS BQUILLA LA 21 (ATL)"},{"departamento":"ATLANTICO","aliado":"HERMANOS SANCHEZ VALLEJO Y CIA. S. EN C.","punto":"FNB - ARQUIDECORADOS SABANALARGA (ATL)"},{"departamento":"ATLANTICO","aliado":"TODO CREDITO COLOMBIA SAS","punto":"FNB TODO CREDITO BARRANQUILLA NO. 04 (ATL)"},{"departamento":"ATLANTICO","aliado":"TODO MOTOS VS S.A.S","punto":"FNB -TODOMOTOS MOTOPATODOS AKT SOLEDAD (ATL)"},{"departamento":"ATLANTICO","aliado":"HERMANOS SANCHEZ VALLEJO Y CIA. S. EN C.","punto":"FNB - MACONDO ARQUIDECORADOS - HERMANOS SANCHEZ VALLEJO (ATL)"},{"departamento":"ATLANTICO","aliado":"CENCOSUD COLOMBIA S.A.","punto":"FNB - 88 JUMBO BUENAVISTA (ATL)"},{"departamento":"ATLANTICO","aliado":"CENCOSUD COLOMBIA S.A.","punto":"FNB - 86 JUMBO AMERICANO (ATL)"},{"departamento":"ATLANTICO","aliado":"MUEBLES JAMAR S.A.","punto":"FNB MUEBLES JAMAR METROPOLITANO (ATL)"},{"departamento":"ATLANTICO","aliado":"COLCHONES Y MUEBLES RELAX S.A.","punto":"FNB - RELAX NUESTRO ATLANTICO (ATL.)"},{"departamento":"ATLANTICO","aliado":"FERRETERIA METROPOLIS S.A.S.","punto":"FNB - F. METROPOLIS CORDIALIDAD (ATL.)"},{"departamento":"ATLANTICO","aliado":"EXPOCONSTRUCCION 43 Y COMPAÑIA LIMITADA","punto":"FNB - EXPOCONSTRUCCION 43 (ATL)"},{"departamento":"ATLANTICO","aliado":"FERRETERIA METROPOLIS S.A.S.","punto":"FNB - FERRETERIA METROPOLIS (ATL.)"},{"departamento":"ATLANTICO","aliado":"HERMANOS SANCHEZ VALLEJO Y CIA. S. EN C.","punto":"FNB - PISOS PORTOBELLO (ATL)"},{"departamento":"ATLANTICO","aliado":"HERMANOS SANCHEZ VALLEJO Y CIA. S. EN C.","punto":"FNB - EL ENCHAPE (ATL)"},{"departamento":"ATLANTICO","aliado":"HERMANOS SANCHEZ VALLEJO Y CIA. S. EN C.","punto":"FNB - INCOPISOS SOLEDAD (ATL)"},{"departamento":"ATLANTICO","aliado":"HERMANOS SANCHEZ VALLEJO Y CIA. S. EN C.","punto":"FNB - EL MAR DE LA CERÁMICA (ATL)"},{"departamento":"ATLANTICO","aliado":"TIRE CENTER GROUP SAS","punto":"FNB TIRE CENTER SOLEDAD (ATL)"},{"departamento":"ATLANTICO","aliado":"SUPERTIENDAS OLIMPICA SA","punto":"FNB - SAO 93 (ATL.)"},{"departamento":"ATLANTICO","aliado":"SUPERTIENDAS OLIMPICA SA","punto":"FNB - OLIMPICA TERMINAL (ATL.)"},{"departamento":"ATLANTICO","aliado":"COLCHONES Y MUEBLES RELAX S.A.","punto":"FNB - RELAX PARQUE ALEGRA (ATL)"},{"departamento":"ATLANTICO","aliado":"ASYCO S.A.S","punto":"FNB - ASYCO CENTRO (ATL.)"},{"departamento":"ATLANTICO","aliado":"TODO MOTOS VS S.A.S","punto":"FNB - TODOMOTOS HONDA SANTO TOMAS (ATL)"},{"departamento":"ATLANTICO","aliado":"TODO MOTOS VS S.A.S","punto":"FNB - TODOMOTOS MOTOPATODOS AKT SANTO TOMAS (ATL)"},{"departamento":"ATLANTICO","aliado":"CORPORACION UNIFICADA NACIONAL","punto":"FNB - CUN (ATL)"},{"departamento":"ATLANTICO","aliado":"ALMACENES EXITO S.A.","punto":"FNB - EXITO 366 - MURILLO (ATL.)"},{"departamento":"ATLANTICO","aliado":"ALMACENES EXITO S.A.","punto":"FNB - EXITO 47 - METROPOLITANO (ATL.)"},{"departamento":"MAGDALENA","aliado":"INVESAKK LTDA","punto":"FNB - F. SAMIR CIENAGA (MAGD)"},{"departamento":"MAGDALENA","aliado":"ELECTRO AO S.A.S","punto":"FNB ¿ FNB - ELECTRO AO FUNDACION GRAO (MAG)"},{"departamento":"MAGDALENA","aliado":"ALMACEN MOTOCAMPO S.A.","punto":"FNB - ALMACEN MOTOCAMPO SANTA MARTA (MAG)"},{"departamento":"MAGDALENA","aliado":"TODO MOTOS VS S.A.S","punto":"FNB - TODOMOTOS RIO MOTOS FUNDACION (MAG)"},{"departamento":"MAGDALENA","aliado":"SUSUKI MOTOR DE COLOMBIA S.A","punto":"FNB ¿ ALMACEN DIRECTO SANTA MARTA (MAG)"},{"departamento":"MAGDALENA","aliado":"TODO MOTOS VS S.A.S","punto":"FNB- TODOMOTOS Q´ MOTOS FUNDACION (MAG)"},{"departamento":"MAGDALENA","aliado":"LIND HOGAR","punto":"FNB - LIND HOGAR DIFICIL (MAG)"},{"departamento":"MAGDALENA","aliado":"LIND HOGAR","punto":"FNB - LIND HOGAR PLATO (MAG)"},{"departamento":"MAGDALENA","aliado":"MER - K - FACIL S.A.S","punto":"FNB - MERKAFACIL - AKITUMOTO GUAMAL (MAG)"},{"departamento":"MAGDALENA","aliado":"MER - K - FACIL S.A.S","punto":"FNB - MERKAFACIL - AKITUMOTO SAN SEBASTIAN (MAG)"},{"departamento":"MAGDALENA","aliado":"CABARCAS SARMIENTO S.A.S.","punto":"FNB CABARCAS SARMIENTO FUNDACION (MAG)"},{"departamento":"MAGDALENA","aliado":"CABARCAS SARMIENTO S.A.S.","punto":"FNB CABARCAS SARMIENTO SANTA MARTA (MAG)"},{"departamento":"MAGDALENA","aliado":"ALIANZA HNOS JGVS.A.S.","punto":"FNB CABARCAS SARMIENTO CIENAGA (MAG)"},{"departamento":"MAGDALENA","aliado":"ALMACEN MOTOCAMPO S.A.","punto":"FNB - MOTOCAMPO DEL MAR AV. LIBERTADOR (MAG)"},{"departamento":"MAGDALENA","aliado":"PUNTO CENTER LTDA","punto":"FNB ¿ PUNTO CENTER FUNDACION (MAGD)"},{"departamento":"MAGDALENA","aliado":"SERRANO OREJARENA Y COMPANIA S.A.S","punto":"FNB - SERRANO CIENAGA (MAG)"},{"departamento":"MAGDALENA","aliado":"SERRANO OREJARENA Y COMPANIA S.A.S","punto":"FNB - SERRANO FUNDACION (MAG)"},{"departamento":"MAGDALENA","aliado":"SERRANO OREJARENA Y COMPANIA S.A.S","punto":"FNB - SERRANO STA MARTA (MAG)"},{"departamento":"MAGDALENA","aliado":"DISTRIMOTOS DE COLOMBIA SAS","punto":"FNB - DISTRIMOTOS MOVIMOTOS MOBILITY SANTA MARTA (MAG)"},{"departamento":"MAGDALENA","aliado":"DISALMAGRO S.A.S","punto":"FNB - DISALMAGRO SEDE 1"},{"departamento":"MAGDALENA","aliado":"LUIS NAPOLEON CALDERON MENDOZA","punto":"FNB LUIS XV FUNDACION (MAG)"},{"departamento":"MAGDALENA","aliado":"ALIANZA HNOS JGVS.A.S.","punto":"FNB ALIANZA SURTIDORA DE CONFECCIONES CRA 5 (MAG)"},{"departamento":"MAGDALENA","aliado":"UTILITARIOS S.A.S","punto":"FNB - EL DIFICIL CALLE 7 UMA (MAG)"},{"departamento":"MAGDALENA","aliado":"UTILITARIOS S.A.S","punto":"FNB - SANTA MARTA CRA 21 AV FERROCARRIL SUZUKI (MAG)"},{"departamento":"MAGDALENA","aliado":"UTILITARIOS S.A.S","punto":"FNB - FUNDACION CRA 7B UMA (MAG)"},{"departamento":"MAGDALENA","aliado":"UTILITARIOS S.A.S","punto":"FNB - PLATO VIA 14 UMA (MAG)"},{"departamento":"MAGDALENA","aliado":"UTILITARIOS S.A.S","punto":"FNB - CIENAGA CALLE 12 UMA (MAG)"},{"departamento":"MAGDALENA","aliado":"UTILITARIOS S.A.S","punto":"FNB - SANTA MARTA CC LAS PALMAS UMA (MAG)"},{"departamento":"MAGDALENA","aliado":"UTILITARIOS S.A.S","punto":"FNB - ARACATACA CALLE 8 UMA (MAG)"},{"departamento":"MAGDALENA","aliado":"NOVATRONICA S.A.S","punto":"FNB NOVATRONICA STA MARTA (MAG)"},{"departamento":"MAGDALENA","aliado":"ULTRACEM SAS","punto":"FNB ULTRACEM SURTIFERRETERIA / CARLOS RUEDA VESGA (MAG)"},{"departamento":"MAGDALENA","aliado":"ULTRACEM SAS","punto":"FNB - INVERSIONES ATEP SAS (MAG)"},{"departamento":"MAGDALENA","aliado":"ULTRACEM SAS","punto":"FNB ULTRACEM MAKROFERRETERIA PAURI LTDA (MAG)"},{"departamento":"MAGDALENA","aliado":"ULTRACEM SAS","punto":"FNB ULTRACEM INVERSIONES FERIA DEL PISO S.A.S. (MAG)"},{"departamento":"MAGDALENA","aliado":"ULTRACEM SAS","punto":"FNB ULTRACEM FERRETODO LA 6 / DELGADO AMAYA OSCAR (MAG)"},{"departamento":"MAGDALENA","aliado":"ULTRACEM SAS","punto":"FNB ULTRACEM FERRETERIA Y COMERCIALIZADORA DEL MAGDALENA S.A.S (MAG)"},{"departamento":"MAGDALENA","aliado":"ULTRACEM SAS","punto":"FNB ULTRACEM FERRETERIA SAN RAFAEL DE FUNDACIÓN (MAG)"},{"departamento":"MAGDALENA","aliado":"ULTRACEM SAS","punto":"FNB ULTRACEM DISTRIBUCIÓN FERRETERA EL COLEGIO S.A.S (MAG)"},{"departamento":"MAGDALENA","aliado":"FMAC S.A.S.","punto":"FNB - FMAC ARACATACA (MAG)"},{"departamento":"MAGDALENA","aliado":"CAJA DE COMPENSACION FAMILIAR DEL MAGDALENA","punto":"FNB - CAJAMAG MAGDALENA (MAG)"},{"departamento":"MAGDALENA","aliado":"TODO MOTOS VS S.A.S","punto":"FNB - TODOMOTOS MERKA MOTOS SANTA ANA (MAG)"},{"departamento":"MAGDALENA","aliado":"ELECTRO AO S.A.S","punto":"FNB - ELECTRO AO CIENAGA (MAG)"},{"departamento":"MAGDALENA","aliado":"MAXIMUEBLES JC SAS","punto":"FNB - MAXIMUEBLES CASA BRILLA CIENAGA (MAG)"},{"departamento":"MAGDALENA","aliado":"TODO MOTOS VS S.A.S","punto":"FNB - TODOMOTOS Q´MOTOS PIVIJAY (MAG)"},{"departamento":"MAGDALENA","aliado":"COLCHONES AMERICAN RELAX SAS","punto":"FNB - COLCHONES AMERICAN RELAX SERRATI LA 22 (MAG)"},{"departamento":"MAGDALENA","aliado":"COMERCIAL ORZUMA S.A.S","punto":"FNB - COMERCIAL ORZUMA (MAG)"},{"departamento":"MAGDALENA","aliado":"TODO MOTOS VS S.A.S","punto":"FNB - TODOMOTOS Q´MOTOS CENTRO SANTA MARTA (MAG)"},{"departamento":"MAGDALENA","aliado":"TODO MOTOS VS S.A.S","punto":"FNB- TODOMOTOS Q´ MOTOS SANTA ANA (MAG)"},{"departamento":"MAGDALENA","aliado":"DISTRITODO VS S.A.S","punto":"FNB - DISTRITODO ORIHUECA (MAG)"},{"departamento":"MAGDALENA","aliado":"FERRETERIA EXPOMARMOL H.D.B S.A.S.","punto":"FNB FERRETERIA EXPOMARMOL HDB SAS (MAG)"},{"departamento":"MAGDALENA","aliado":"LAS MOTOS S.A.S","punto":"FNB - LAS MOTOS (MAG)"},{"departamento":"MAGDALENA","aliado":"LAS MOTOS S.A.S","punto":"FNB - LAS MOTOS 11 NOVIEMBRE (MAG)"},{"departamento":"MAGDALENA","aliado":"INVESAKK LTDA","punto":"F. INVESAKK FERRETERIA SAMIR PLATO (MAGD)"},{"departamento":"MAGDALENA","aliado":"ELECTRO AO S.A.S","punto":"FNB - ELECTRO AO FUNDACION (MAGD.)"},{"departamento":"MAGDALENA","aliado":"SUPERTIENDAS OLIMPICA SA","punto":"FNB - OLIMPICA CIENAGA (MAGD.)"},{"departamento":"MAGDALENA","aliado":"SUPERTIENDAS OLIMPICA SA","punto":"FNB - OLIMPICA TERMINAL (MAGD.)"},{"departamento":"MAGDALENA","aliado":"SUPERTIENDAS OLIMPICA SA","punto":"FNB - OLIMPICA PRINCIPAL (MAGD.)"},{"departamento":"MAGDALENA","aliado":"SUPERTIENDAS OLIMPICA SA","punto":"FNB - OLIMPICA FUNDACION (MAGD.)"},{"departamento":"MAGDALENA","aliado":"COMPULAGO S.A.S.","punto":"FNB - COMPULAGO CENTRO LINEA HOGAR (MAGD.)"},{"departamento":"MAGDALENA","aliado":"COMPULAGO S.A.S.","punto":"FNB - COMPULAGO PLAZUELA (MAGD.)"},{"departamento":"MAGDALENA","aliado":"ULTRACEM SAS","punto":"FNB ULTRACEM FERRETERIA Y COMERCIALIZADORA DEL MAGDALENA - CIENAGA (MAG)"},{"departamento":"MAGDALENA","aliado":"DISELCO S.A.","punto":"FNB - DISELCO CENTRO (MAGD.)"},{"departamento":"MAGDALENA","aliado":"ALMACEN MOTOCAMPO S.A.","punto":"FNB - MOTOCAMPO DEL MAR CIENAGA (MAG)"},{"departamento":"MAGDALENA","aliado":"DISTRITODO VS S.A.S","punto":"FNB - DISTRITODO GUAMAL (MAG)"},{"departamento":"MAGDALENA","aliado":"ELECTRO AO S.A.S","punto":"FNB - ELECTRO AO EL RETEN (MAG)"},{"departamento":"MAGDALENA","aliado":"RUBE MOTOS S.A.S.","punto":"FNB - RUBE MOTOS YAMAHA GAIRA (MAG)"},{"departamento":"MAGDALENA","aliado":"TODO MOTOS VS S.A.S","punto":"FNB - TODOMOTOS Q´ MOTOS RODADERO (MAG)"},{"departamento":"MAGDALENA","aliado":"MATERIALES COLOMBIA Y CIA LTDA","punto":"FNB - MATERCOL FUNDACION (MAGD.)"},{"departamento":"MAGDALENA","aliado":"ALMACEN MOTOCAMPO S.A.","punto":"FNB - MOTOCAMPO DEL MAR GAIRA (MAG)"},{"departamento":"MAGDALENA","aliado":"MDTM SAS ZOMAC","punto":"FNB - MDTM SANTA MARTA (MAG)"},{"departamento":"MAGDALENA","aliado":"MOTORIZANDO S.A.S","punto":"FNB - MOTORIZANDO SAS UMA CHIVOLO (MAG)"},{"departamento":"MAGDALENA","aliado":"ALMACEN MOTOCAMPO S.A.","punto":"FNB - MOTOCAMPO DEL MAR FERROCARRIL (MAG)"},{"departamento":"MAGDALENA","aliado":"INVERSALUD DE LAS AMERICAS S.A.S.","punto":"FNB - ORALTY SANTA MARTA - (MAGD.)"},{"departamento":"MAGDALENA","aliado":"HERMANOS SANCHEZ VALLEJO Y CIA. S. EN C.","punto":"FNB ARQUIDECORADOS SANTA MARTA (MAG)"},{"departamento":"MAGDALENA","aliado":"COLCHONES AMERICAN RELAX SAS","punto":"FNB - COLCHONES AMERICAN RELAX SERRATI (MAG)"},{"departamento":"MAGDALENA","aliado":"MACOSER S.A.","punto":"FNB - MACOSER (MAGD.)"},{"departamento":"MAGDALENA","aliado":"ELECTRO AO S.A.S","punto":"FNB - ELECTRO AO GUACAMAYAL (MAG)"},{"departamento":"MAGDALENA","aliado":"MER - K - FACIL S.A.S","punto":"FNB - MERKAFACIL - AKITUMOTO FUNDACION (MAG)"},{"departamento":"MAGDALENA","aliado":"MDTM SAS ZOMAC","punto":"FNB - MDTM ARACATACA (MAG)"},{"departamento":"MAGDALENA","aliado":"MDTM SAS ZOMAC","punto":"FNB - MDTM CIENAGA (MAG)"},{"departamento":"MAGDALENA","aliado":"TODO MOTOS VS S.A.S","punto":"FNB- TODOMOTOS Q´ MOTOS SANTA MARTA 2 (MAG)"},{"departamento":"MAGDALENA","aliado":"GO GROUP INVERSIONES","punto":"FNB ¿ MOTO HOME SANTA MARTA (MAG)"},{"departamento":"MAGDALENA","aliado":"BICIMOTOS Y REPUESTOS S.A.S.","punto":"FNB - BICIMOTOS SUZUKI CIENAGA (MAG)"},{"departamento":"MAGDALENA","aliado":"DISTRITODO VS S.A.S","punto":"FNB - DISTRITODO SANTA MARTA (MAG)"},{"departamento":"MAGDALENA","aliado":"ULTRACEM SAS","punto":"FNB ULTRACEM FERREMAS EL 90 (MAG)"},{"departamento":"MAGDALENA","aliado":"YAMAHA MOTOS SANTA MARTA","punto":"FNB - YAMAHA MOTOS SANTA MARTA (MAG)"},{"departamento":"MAGDALENA","aliado":"TODO MOTOS VS S.A.S","punto":"FNB- TODOMOTOS Q´ MOTOS ORIHUECA (MAG)"},{"departamento":"MAGDALENA","aliado":"TODO MOTOS VS S.A.S","punto":"FNB- TODOMOTOS Q´ MOTOS SANTA MARTA (MAG)"},{"departamento":"MAGDALENA","aliado":"MAXIMUEBLES JC SAS","punto":"FNB - MAXIMUEBLES FERROCARRIL (MAG)"},{"departamento":"MAGDALENA","aliado":"ULTRACEM SAS","punto":"FNB ULTRACEM FERRESERVICIOS CRISTROMAR S.A.S (MAG)"},{"departamento":"MAGDALENA","aliado":"SMS ELECTRONIC S.A.S","punto":"FNB - SMS ELECTRONIC SANTA MARTA B/VISTA (MAG)"},{"departamento":"MAGDALENA","aliado":"DISTRITODO VS S.A.S","punto":"FNB - DISTRITODO SAN SEBASTIAN (MAG)"},{"departamento":"MAGDALENA","aliado":"INVERSIONES DAMA SALUD S.A.","punto":"FNB - SONRIA (MAGD.)"},{"departamento":"MAGDALENA","aliado":"ELECTRO AO S.A.S","punto":"FNB - ELECTRO AO SANTA MARTA (MAG)"},{"departamento":"MAGDALENA","aliado":"SMS ELECTRONIC S.A.S","punto":"FNB - SMS ELECTRONIC OCEAN MALL SANTA MARTA (MAG)"},{"departamento":"MAGDALENA","aliado":"TODO MOTOS VS S.A.S","punto":"FNB- TODOMOTOS Q´ MOTOS CIENAGA (MAG)"},{"departamento":"MAGDALENA","aliado":"LIND HOGAR","punto":"FNB - LIND HOGAR CHIBOLO (MAG)"},{"departamento":"MAGDALENA","aliado":"MER - K - FACIL S.A.S","punto":"FNB - MERKAFACIL - AKITUMOTO SANTAMARTA (MAG)"},{"departamento":"MAGDALENA","aliado":"GREEN ENERGY MOTORS S.A.S","punto":"FNB GREEN SANTA CRUZ (MAG)"},{"departamento":"MAGDALENA","aliado":"MOTORIZANDO S.A.S","punto":"FNB - MOTORIZANDO SAN ANGEL (MAG)"},{"departamento":"MAGDALENA","aliado":"SERRANO Y COMPAÑIA S.A.S","punto":"FNB SERCOL (MAG)"},{"departamento":"MAGDALENA","aliado":"GREEN ENERGY MOTORS S.A.S","punto":"FNB GREEN CARRERA 19 (MAG)"},{"departamento":"MAGDALENA","aliado":"ELECTRO AO S.A.S","punto":"FNB - ELECTRO AO ARCATACA (MAG)"},{"departamento":"MAGDALENA","aliado":"TODO MOTOS VS S.A.S","punto":"FNB - TODOMOTOS HERO GUAMAL (MAG)"},{"departamento":"MAGDALENA","aliado":"ULTRACEM SAS","punto":"FNB ULTRACEM GMCL SAS (MAG)"},{"departamento":"MAGDALENA","aliado":"HERMANOS SANCHEZ VALLEJO Y CIA. S. EN C.","punto":"FNB ARQUIDECORADOS CIENAGA (MAG)"},{"departamento":"MAGDALENA","aliado":"ELECTRO AO S.A.S","punto":"FNB - ELECTRO AO ORIHUECA (MAG)"},{"departamento":"MAGDALENA","aliado":"ELECTRO AO S.A.S","punto":"FNB - ELECTRO AO PIVIJAY (MAG)"},{"departamento":"MAGDALENA","aliado":"ALMACEN MOTOCAMPO S.A.","punto":"FNB - MOTOCAMPO DEL MAR CENTRO (MAG)"},{"departamento":"MAGDALENA","aliado":"COMPULAGO S.A.S.","punto":"FNB - COMPULAGO OCEAN MALL (MAGD.)"},{"departamento":"MAGDALENA","aliado":"MUEBLES JAMAR S.A.","punto":"FNB MUEBLES JAMAR SANTA MARTA (MAGD)"},{"departamento":"MAGDALENA","aliado":"FINANZAMOTOS DE COLOMBIA S.A.S.","punto":"FNB FINANZAMOTOS SANTA MARTA (MAG)"},{"departamento":"MAGDALENA","aliado":"FMAC S.A.S.","punto":"FNB - FMAC LIBERTADOR (MAG)"},{"departamento":"MAGDALENA","aliado":"ELECTRO AO S.A.S","punto":"FNB - ELECTRO AO FERROCARRIL (MAG)"},{"departamento":"MAGDALENA","aliado":"ELECTRO AO S.A.S","punto":"FNB - ELECTRO AO EL DIFICIL (MAG)"},{"departamento":"MAGDALENA","aliado":"INVERSIONES FERRECOSTA S.A.S","punto":"FNB - INVERSIONES FERRECOSTA LA PAZ (MAG.)"},{"departamento":"MAGDALENA","aliado":"DISTRITODO VS S.A.S","punto":"FNB - DISTRITODO CIENEGA (MAG)"},{"departamento":"MAGDALENA","aliado":"DISTRITODO VS S.A.S","punto":"FNB - DISTRITODO FUNDACION (MAG)"},{"departamento":"MAGDALENA","aliado":"C.E.A. RUEDAS ESCUELA DE AUTOMOVILISMO","punto":"FNB - OFICINA PRINCIPAL RUEDA (MAG.)"},{"departamento":"MAGDALENA","aliado":"INVERSIONES SAUMET & RADA","punto":"FNB - OFICINA PRINCIPAL FERRETERIA IDEAL (MAG)"},{"departamento":"MAGDALENA","aliado":"ELECTROREYES LTDA","punto":"FNB - ALMACEN ROMANO (MAGD)"},{"departamento":"MAGDALENA","aliado":"ALCA LTDA","punto":"FNB - ALCA SANTA MARTA (MAG.)"},{"departamento":"MAGDALENA","aliado":"PUNTO CENTER LTDA","punto":"FNB - PUNTO CENTER CENTRO (MAGD.)"},{"departamento":"MAGDALENA","aliado":"ELECTRO 4 LTDA","punto":"FNB - ELECTRO 4 CIÉNAGA (MAGD.)"},{"departamento":"MAGDALENA","aliado":"SODIMAC COLOMBIA S.A.","punto":"FNB - HOMECENTER SANTA MARTA (MAG)"},{"departamento":"MAGDALENA","aliado":"LAS MOTOS S.A.S","punto":"FNB - LAS MOTOS ORIHUECA (MAG)"},{"departamento":"MAGDALENA","aliado":"CENCOSUD COLOMBIA S.A.","punto":"FNB - 45 JUMBO SANTA MARTA (MAG)"},{"departamento":"MAGDALENA","aliado":"INVERSIONES FERRECOSTA S.A.S","punto":"FNB - INVERSIONES FERRECOSTA MERCADO (MAG)"},{"departamento":"MAGDALENA","aliado":"ALMACEN MOTOCAMPO S.A.","punto":"FNB - ALMACEN MOTOCAMPO ROYAL GAIRA (MAG)"},{"departamento":"MAGDALENA","aliado":"RUBE MOTOS S.A.S.","punto":"FNB - RUBE MOTOS FUNDACION (MAG)"},{"departamento":"MAGDALENA","aliado":"FMAC S.A.S.","punto":"FNB - FMAC SANTA MARTA (MAG)"},{"departamento":"MAGDALENA","aliado":"INVESAKK LTDA","punto":"FNB ¿ F. SAMIR SANTA MARTA (MAG)"},{"departamento":"MAGDALENA","aliado":"TODO MOTOS VS S.A.S","punto":"FNB - TODOMOTOS -MOTO TODOS AKT LA LUCHA (MAG)"},{"departamento":"MAGDALENA","aliado":"ALCA LTDA","punto":"FNB - ALCA FUNDACION (MAG)"},{"departamento":"MAGDALENA","aliado":"LAS MOTOS S.A.S","punto":"FNB - LAS MOTOS GAIRA (MAG)"},{"departamento":"MAGDALENA","aliado":"DISTRITODO VS S.A.S","punto":"FNB - DISTRITODO SANTA ANA (MAG)"},{"departamento":"MAGDALENA","aliado":"ELECTRO AO S.A.S","punto":"FNB - ELECTRO AO PLATO (MAG)"},{"departamento":"MAGDALENA","aliado":"ALMACEN MOTOCAMPO S.A.","punto":"FNB - ALMACEN MOTOCAMPO PLATO (MAG)"},{"departamento":"MAGDALENA","aliado":"ALMACEN MOTOCAMPO S.A.","punto":"FNB - ALMACEN MOTOCAMPO FUNDACION (MAG)"},{"departamento":"MAGDALENA","aliado":"ALMACEN MOTOCAMPO S.A.","punto":"FNB - ALMACEN MOTOCAMPO CIENAGA (MAG)"},{"departamento":"MAGDALENA","aliado":"ALMACEN MOTOCAMPO S.A.","punto":"FNB - ALMACEN MOTOCAMPO GAIRA (MAG)"},{"departamento":"MAGDALENA","aliado":"COLVENTAS S.A","punto":"FNB - COLVENTAS (MAGD.)"},{"departamento":"MAGDALENA","aliado":"ALMACENES EXITO S.A.","punto":"FNB - EXITO 258 - CENTRO (MAGD.)"},{"departamento":"MAGDALENA","aliado":"ALMACENES EXITO S.A.","punto":"FNB - EXITO 363 - BUENAVISTA (MAGD.)"},{"departamento":"CESAR","aliado":"DISTRIMOTOS DE COLOMBIA SAS","punto":"FNB - DISTRIMOTOS MOVIMOTOS VALLEDUPAR (CES)"},{"departamento":"CESAR","aliado":"GRUPO SUPERMOTOS S.A.S.","punto":"FNB - GRUPO SUPERMOTOS AV. FUNDACION (CES)"},{"departamento":"CESAR","aliado":"GRUPO SUPERMOTOS S.A.S.","punto":"FNB - GRUPO SUPERMOTOS PRINCIPAL (CES)"},{"departamento":"CESAR","aliado":"LIND HOGAR","punto":"FNB - LIND HOGAR LA LOMA (CES)"},{"departamento":"CESAR","aliado":"LEONARDO GOMEZ MOTO TALLER S.A.S.","punto":"FNB LEONARDO GOMEZ MOTO TALLER (CES)"},{"departamento":"CESAR","aliado":"DISELCO S.A.","punto":"FNB - DISELCO CENTRO (CES.)"},{"departamento":"CESAR","aliado":"ALIANZA SURTIDORA SAS","punto":"FNB ALIANZA SURTIDORA CONFECCIONES VALLEDUPAR NO.1 (CES)"},{"departamento":"CESAR","aliado":"SERRANO OREJARENA Y COMPANIA S.A.S","punto":"FNB - SERRANO VALLEDUPAR PTO FRIO (CES)"},{"departamento":"CESAR","aliado":"SERRANO OREJARENA Y COMPANIA S.A.S","punto":"FNB - SERRANO VALLEDUPAR CENTRO (CES)"},{"departamento":"CESAR","aliado":"TODO MOTOS VS S.A.S","punto":"FNB - TODOMOTOS Q MOTOS LA NEVADA (CES)"},{"departamento":"CESAR","aliado":"DISTRIMOTOS DE COLOMBIA SAS","punto":"FNB - DISTRIMOTOS MOVIMOTOS LA LOMA (CES)"},{"departamento":"CESAR","aliado":"UTILITARIOS S.A.S","punto":"FNB - VALLEDUPAR DIAGONAL 21 UMA (CES)"},{"departamento":"CESAR","aliado":"DISTRITODO VS S.A.S","punto":"DISTRITODO BOSCONIA (CES)"},{"departamento":"CESAR","aliado":"FRIO KING IMPORTACIONES Y DISTRIBUCIONES S.A.S.","punto":"FNB - FRIO KING VALLEDUPAR (CES)"},{"departamento":"CESAR","aliado":"DISTRICOLMOTOS S.A.S.","punto":"FNB - SUZUKI DISTRICOLMOTOS (CES)"},{"departamento":"CESAR","aliado":"MUEBLES JAMAR S.A.","punto":"FNB MUEBLES JAMAR VALLEDUPAR (CES)"},{"departamento":"CESAR","aliado":"DISTRIMOTOS DE COLOMBIA SAS","punto":"FNB - DISTRIMOTOS MOVIMOTOS EL COPEY (CES)"},{"departamento":"CESAR","aliado":"MOTO CUBICO SAS","punto":"FNB - AKT EL COPEY (CES)"},{"departamento":"CESAR","aliado":"ULTRACEM SAS","punto":"FNB ULTRACEM HERNANDO YEPES /DISMACO/DISMACREDITO (CES)"},{"departamento":"CESAR","aliado":"ULTRACEM SAS","punto":"FNB ULTRACEM MADECOPEY FERRETERIA S.A.S (CES)"},{"departamento":"CESAR","aliado":"ULTRACEM SAS","punto":"FNB ULTRACEM FERROCALES Y CARBURO (CES)"},{"departamento":"CESAR","aliado":"COLCHONES DEL VALLE S.A.S","punto":"FNB COLCHONES DEL VALLE (CES)"},{"departamento":"CESAR","aliado":"ULTRACEM SAS","punto":"FNB ULTRACEM FERRETERIA EMANUEL MB (CES)"},{"departamento":"CESAR","aliado":"UPARLLANTAS S.A.","punto":"FNB - UPARLLANTAS PRINCIPAL (CES)"},{"departamento":"CESAR","aliado":"SUSUKI MOTOR DE COLOMBIA S.A","punto":"FNB ¿ ALMACEN DIRECTO VALLEDUPAR (CES)"},{"departamento":"CESAR","aliado":"ULTRACEM SAS","punto":"FNB ULTRACEM FERRETERIA EL OBELISCO S.A.S (CES)"},{"departamento":"CESAR","aliado":"TODO MOTOS VS S.A.S","punto":"FNB - TODOMOTOS HERO VALLEDUPAR (CES)"},{"departamento":"CESAR","aliado":"COLOMBIANA DE COMERCIO S.A","punto":"FNB ¿ ALKOMPRAR TELEMERCADEO (CES)"},{"departamento":"CESAR","aliado":"FERRETERIA EL CACHA 1 SAS","punto":"FNB - FERRETERIA EL CACHA 1 (CES)"},{"departamento":"CESAR","aliado":"DISTRITODO VS S.A.S","punto":"FNB DISTRITODO VS ASTREA (CES)"},{"departamento":"CESAR","aliado":"SUPERTIENDAS OLIMPICA SA","punto":"FNB - OLIMPICA MEGAMALL (CES.)"},{"departamento":"CESAR","aliado":"NEGOCIOS E INVERSIONES SINGS S.A.S","punto":"FMB - SING CREDISING (CES)"},{"departamento":"CESAR","aliado":"ALIANZA SURTIDORA SAS","punto":"FNB ALIANZA SURTIDORA CONFECCIONES VALLEDUPAR NO.2 (CES)"},{"departamento":"CESAR","aliado":"MER - K - FACIL S.A.S","punto":"FNB MERKAFACIL AKITUMOTO BOSCONIA (CES)"},{"departamento":"CESAR","aliado":"NEGOCIOS E INVERSIONES SINGS S.A.S","punto":"FNB - SINGS LA GARITA (CES.)"},{"departamento":"CESAR","aliado":"TODO MOTOS VS S.A.S","punto":"FNB TODO MOTOS VS MERKAMOTOS ASTREA (CES)"},{"departamento":"CESAR","aliado":"ALIANZA SURTIDORA SAS","punto":"FNB ALIANZA SURTIDORA ESTRENO VALLEDUPAR (CES)"},{"departamento":"CESAR","aliado":"INVESAKK LTDA","punto":"FNB - FERRETERÍA SAMIR VD (CES.)"},{"departamento":"CESAR","aliado":"TODO MOTOS VS S.A.S","punto":"FNB- TODOMOTOS Q´ MOTOS BOSCONIA (CES)"},{"departamento":"CESAR","aliado":"MATERIALES COLOMBIA Y CIA LTDA","punto":"FNB - MATERCOL PRINCIPAL (CES.)"},{"departamento":"CESAR","aliado":"ELECTRO AO S.A.S","punto":"FNB - AO (CES.)"},{"departamento":"CESAR","aliado":"INVERSALUD DE LAS AMERICAS S.A.S.","punto":"FNB - ORALTY VALLEDUPAR - (CES.)"},{"departamento":"CESAR","aliado":"TODO MOTOS VS S.A.S","punto":"FNB TODO MOTOS VS MERKAMOTOS CHIMICHAGUA (CES)"},{"departamento":"CESAR","aliado":"SMS ELECTRONIC S.A.S","punto":"FNB - SMS ELECTRONIC GUATAPURI VALLEDUPAR (CES)"},{"departamento":"CESAR","aliado":"LAMI SAS","punto":"FNB - LAMI VALLEDUPAR (CES.)"},{"departamento":"CESAR","aliado":"ULTRACEM SAS","punto":"FNB ULTRACEM FERRETERIA EL CALVO DE LA 48 / QUINTERO JESITH (CES)"},{"departamento":"CESAR","aliado":"GRUPO UMA S.A.S.","punto":"FNB - GRUPO UMA VALLEDUPAR (CES.)"},{"departamento":"CESAR","aliado":"EUGENIO CASTAÑEDA CUELLO","punto":"FNB - MOTOCAS YAMAHA (CES)"},{"departamento":"CESAR","aliado":"LUIS NAPOLEON CALDERON MENDOZA","punto":"FNB - COMERCIAL LUIS XV (CES.)"},{"departamento":"CESAR","aliado":"INVESAKK LTDA","punto":"FNB ¿ F. SAMIR AV. FUNCACIÓN (CES.)"},{"departamento":"CESAR","aliado":"SMS ELECTRONIC S.A.S","punto":"FNB - SMS ELECTRONIC VALLEDUPAR MAYALES (CES)"},{"departamento":"CESAR","aliado":"TODO MOTOS VS S.A.S","punto":"FNB- TODOMOTOS Q´ MOTOS LA LOMA (CES)"},{"departamento":"CESAR","aliado":"C.E.A. APRENDAMOS LTDA.","punto":"FNB - OFICINA PRINCIPAL APRENDAMOS (CES)"},{"departamento":"CESAR","aliado":"NEGOCIOS E INVERSIONES SINGS S.A.S","punto":"FNB - SINGS PRINCIPAL (CES.)"},{"departamento":"CESAR","aliado":"TODO MOTOS VS S.A.S","punto":"FNB- TODOMOTOS Q´ MOTOS VALLEDUPAR (CES)"},{"departamento":"CESAR","aliado":"TODO MOTOS VS S.A.S","punto":"FNB - TODOMOTOS MOTO PA TODOS BOSCONIA AKT(CES)"},{"departamento":"CESAR","aliado":"COMERCIALIZADORA ELEKTROAS S.A.S","punto":"FNB- ELEKTROAS PUNTO AKT (CES)"},{"departamento":"CESAR","aliado":"INVERSIONES DAMA SALUD S.A.","punto":"FNB - SONRIA (CES.)"},{"departamento":"CESAR","aliado":"ELECTRO AO S.A.S","punto":"FNB - AO LA NEVADA (CES)"},{"departamento":"CESAR","aliado":"ELECTRO AO S.A.S","punto":"FNB - AO ASTREA (CES)"},{"departamento":"CESAR","aliado":"ELECTRO AO S.A.S","punto":"FNB - AO EL COPEY (CES)"},{"departamento":"CESAR","aliado":"ELECTRO AO S.A.S","punto":"FNB - AO LA LOMA (CES)"},{"departamento":"CESAR","aliado":"ELECTRO AO S.A.S","punto":"FNB - AO BOSCONIA (CES)"},{"departamento":"CESAR","aliado":"CONDUZCAMOS S.A.S","punto":"FNB - CEA CONDUZCAMOS (CES)"},{"departamento":"CESAR","aliado":"ULTRACEM SAS","punto":"FNB ULTRACEM FERRO CONSTRUCTOR SAS (CES)"},{"departamento":"CESAR","aliado":"RUBE MOTOS S.A.S.","punto":"FNB - RUBE MOTOS VALLEDUPAR (CES)"},{"departamento":"CESAR","aliado":"MOTOCASS S.A.S.","punto":"FNB MOTOCASS YAMAHA (CES)"},{"departamento":"CESAR","aliado":"UNIVERSIDAD DE SANTANDER","punto":"FNB - UNIVERSIDAD DE SANTANDER (CES)"},{"departamento":"CESAR","aliado":"COLOMBIANA DE COMERCIO S.A","punto":"FNB - ALKOMPRAR VALLEDUPAR - (CES.)"},{"departamento":"CESAR","aliado":"CENCOSUD COLOMBIA S.A.","punto":"FNB - EASY 809 - MAYALES (CES.)"},{"departamento":"CESAR","aliado":"SODIMAC COLOMBIA S.A.","punto":"FNB - HOMECENTER VALLEDUPAR (CES)"},{"departamento":"CESAR","aliado":"ALMACEN MOTOCAMPO S.A.","punto":"FNB - ALMACEN MOTOCAMPO (CES.)"},{"departamento":"CESAR","aliado":"ALCA LTDA","punto":"FNB - ALCA (CES.)"},{"departamento":"CESAR","aliado":"ALMACENES EXITO S.A.","punto":"FNB - EXITO 354 - LAS FLORES (CES.)"},{"departamento":"CESAR","aliado":"SOLUCIONES MAF S.A.S","punto":"FNB - PAPELERIA TAURO (CES.)"},{"departamento":"CESAR","aliado":"DISTRIMOTOS DE COLOMBIA SAS","punto":"FNB - DISTRIMOTOS MOVIMOTOS BOSCONIA (CES)"},{"departamento":"CESAR","aliado":"PISOS Y ENCHAPES RYL SAS","punto":"FNB PISOS Y ENCHAPES RYL SAS (CES)"},{"departamento":"CESAR","aliado":"COMERCIALIZADORA ELEKTROAS S.A.S","punto":"FNB- ELEKTROAS VALLEDUPAR (CES)"},{"departamento":"CESAR","aliado":"CENCOSUD COLOMBIA S.A.","punto":"FNB - 87 JUMBO GUATAPURI (CES)"},{"departamento":"CESAR","aliado":"CENCOSUD COLOMBIA S.A.","punto":"FNB - 184 METRO MAYALES (CES)"},{"departamento":"CESAR","aliado":"COLOMBIANA DE COMERCIO S.A","punto":"AKT VALLEDUPAR 1 (CES.)"},{"departamento":"CESAR","aliado":"COMPULAGO S.A.S.","punto":"FNB - COMPULAGO (CES.)"},{"departamento":"CESAR","aliado":"SUPERTIENDAS OLIMPICA SA","punto":"FNB - OLIMPICA (CES.)"},{"departamento":"CESAR","aliado":"ALMACENES EXITO S.A.","punto":"FNB - EXITO 266 - CENTRO (CES.)"},{"departamento":"CESAR","aliado":"GRUPO SUPERMOTOS S.A.S.","punto":"FNB - GRUPO SUPERMOTOS LA NEVADA (CES)"},{"departamento":"ATLANTICO","aliado":"ALMACEN BC S.A.","punto":"FNB - ALMACEN BC S.A."},{"departamento":"ATLANTICO","aliado":"SIMPLIFICAR S.A.S.","punto":"FNB - SIMPLIFICAR S.A.S"},{"departamento":"CESAR","aliado":"FUNDACIÓN UNIVERSITARIA DEL ÁREA ANDINA","punto":"FNB - FUNDACIÓN UNIVERSITARIA ANDINA"},{"departamento":"ATLANTICO","aliado":"INVERSIONES CREAR RAMA S.A.S","punto":"FNB CLINICA MALL PLAZA INVERSIONES CREAR RAMA SAS"},{"departamento":"ATLANTICO","aliado":"CONDUZCAMOS S.A.S","punto":"FNB - CEA CONDUZCAMOS CORDIALIDAD"},{"departamento":"ATLANTICO","aliado":"DISMERCA S.A.S.","punto":"FNB DISMERCA CORDIALIDAD"},{"departamento":"ATLANTICO","aliado":"DISMERCA S.A.S.","punto":"FNB DISMERCA BQUILLA CRA 46"},{"departamento":"ATLANTICO","aliado":"DISMERCA S.A.S.","punto":"FNB DISMERCA SOLEDAD 2000"},{"departamento":"CESAR","aliado":"CARCO SEVE S.A.S","punto":"FNB ¿ CARCO VALLEDUPAR"},{"departamento":"CESAR","aliado":"OPTICA AMERICANA IA S.A.S.","punto":"FNB OPTICA AMERICANA IA SAS"},{"departamento":"MAGDALENA","aliado":"PISOS Y ENCHAPES RYL SAS","punto":"FNB SANTA MARTA PISOS Y ENCHAPES"},{"departamento":"ATLANTICO","aliado":"PISOS Y ENCHAPES RYL SAS","punto":"FNB BODEGAZO CERÁMICO BARRANQUILLA CALLE 30 PISOS Y ENCHAPES"},{"departamento":"ATLANTICO","aliado":"PISOS Y ENCHAPES RYL SAS","punto":"FNB CERÁMICA BARRANQUILLA CIRCUNVALAR PISOS Y ENCHAPES"},{"departamento":"ATLANTICO","aliado":"PISOS Y ENCHAPES RYL SAS","punto":"FNB RENOVAR BARRANQUILLA CALLE 30 PISOS Y ENCHAPES"},{"departamento":"ATLANTICO","aliado":"PISOS Y ENCHAPES RYL SAS","punto":"FNB BARRANQUILLA CALLE 30 PISOS Y ENCHAPES"},{"departamento":"ATLANTICO","aliado":"PISOS Y ENCHAPES RYL SAS","punto":"FNB BARRANQUILLA CIRCUNVALAR PISOS Y ENCHAPES"},{"departamento":"ATLANTICO","aliado":"C.E.A. DE SOLEDAD S.A.S.","punto":"FNB - C.E.A. DE SOLEDAD"},{"departamento":"MAGDALENA","aliado":"PISOS Y ENCHAPES RYL SAS","punto":"FNB - CERAMICA SAN LORENZO SANTA MARTA RYL"},{"departamento":"ATLANTICO","aliado":"ULTRACEM SAS","punto":"FNB ULTRACEM FERREMAR LA 94 S.A.S"},{"departamento":"ATLANTICO","aliado":"CLINICA DENTAL DEL CARIBE TUBOCA SAS","punto":"FNB CLINICA DENTAL DEL CARIBE TU BOCA SAS"},{"departamento":"ATLANTICO","aliado":"ULTRACEM SAS","punto":"FNB ULTRACEM INVERSIONES BARRERA RUEDA S.A.S"},{"departamento":"CESAR","aliado":"PISOS Y ENCHAPES RYL SAS","punto":"FNB SUPERMERCADO CERAMICO PISOS Y ENCHAPES (VD)"},{"departamento":"ATLANTICO","aliado":"FERREMATERIALES RUMBAVANA Y ALGO MAS S.A.S.","punto":"FNB FERREMATERIALES RUMBAVANA Y ALGO MAS SEDE PRINCIPAL"},{"departamento":"CESAR","aliado":"HERMANOS SANCHEZ VALLEJO Y CIA. S. EN C.","punto":"FNB ARQUIDECORADOS VALLEDUPAR - HERMANOS SANCHEZ VALLEJO (VD)"},{"departamento":"MAGDALENA","aliado":"LAMI SAS","punto":"FNB LAMI SANTA MARTA LAMI SAS"},{"departamento":"CESAR","aliado":"ALMACENES LA MEGA SAS","punto":"FNB - MEGA CORONA"},{"departamento":"ATLANTICO","aliado":"DISTRIBUCIONES FDK S.A.S.","punto":"FNB DISTRIBUCIONES FDK CALLE 82 KIKE"},{"departamento":"ATLANTICO","aliado":"SUPERTIENDAS OLIMPICA SA","punto":"FNB OLIMPICA SAO 53 OUTLET"},{"departamento":"ATLANTICO","aliado":"SUPERTIENDAS OLIMPICA SA","punto":"FNB - OLIMPICA MALAMBO"},{"departamento":"MAGDALENA","aliado":"TODO MOTOS VS S.A.S","punto":"FNB - TODOMOTOS AKT SANTA MARTA"},{"departamento":"ATLANTICO","aliado":"CORPORACIÓN EDUCATIVA DEL LITORAL","punto":"FNB - CORPORACIÓN EDUCATIVA DEL LITORAL"},{"departamento":"ATLANTICO","aliado":"ORGANIZACION DEL MAR LIMITADA","punto":"FNB MINT DENTAL AESTHETIC ORGANIZACION DEL MAR LIMITADA"},{"departamento":"CESAR","aliado":"PISOS Y ENCHAPES RYL SAS","punto":"FNB - BODEGAZO CERAMICO - PISOS Y ENCHAEPES RyL SAS (VD)"},{"departamento":"ATLANTICO","aliado":"CORPORACIÓN EDUCATIVA DE SISTEMAS AVANZADOS C.E.A.S.","punto":"FNB -CORPORACIÓN DE SISTEMAS C.E.A.S."},{"departamento":"ATLANTICO","aliado":"CORPORACION UNIVERSITARIA RAFAEL NUÑEZ","punto":"FNB - CORPORACION UNIVERSITARIA RAFAEL NUÑEZ"},{"departamento":"ATLANTICO","aliado":"FUNDACION ACADEMIA DE FORMACION PARA EL DESARROLLO HUMANO ASTURIAS","punto":"FNB -FUNDACION ACADEMIA ASTURIAS"},{"departamento":"ATLANTICO","aliado":"CORPORACION INTERNACIONAL DE EDUCACION INTEGRAL ELYON YIREH","punto":"FNB -CORPORACION INTERNACIONAL DE EDUCACION INTEGRAL ELYON YIREH"},{"departamento":"ATLANTICO","aliado":"CORPORACION UNIVERSITARIA DE CIENCIAS EMPRESARIALES, EDUCACION Y SALUD -CORSALUD","punto":"FNB - CORSALUD - CORPORACION UNIVERSITARIA DE CIENCIAS EMPRESARIALES, EDUCACION Y SALUD"},{"departamento":"ATLANTICO","aliado":"CERAMICA ITALIA SA","punto":"FNB - CERAMICA ITALIA"},{"departamento":"ATLANTICO","aliado":"UNIVERSIDAD AUTONOMA DEL CARIBE","punto":"FNB - UNIVERSIDAD AUTONOMA DEL CARIBE"},{"departamento":"MAGDALENA","aliado":"TODO MOTOS VS S.A.S","punto":"FNB - TODOMOTOS MOTO PA TODOS AKT BASTIDAS (MAD)"},{"departamento":"CESAR","aliado":"SOLUCIONES MAF S.A.S","punto":"FNB - TAURO 13 (VALLEDUPAR)"},{"departamento":"MAGDALENA","aliado":"TODO MOTOS VS S.A.S","punto":"FNB - TODOMOTOS HONDA SAN SEBASTIAN"},{"departamento":"ATLANTICO","aliado":"ULTRACEM SAS","punto":"FNB ULTRACEM SERVICIOS ELECTROMECANICOS E INGENIERIA"},{"departamento":"MAGDALENA","aliado":"TODO MOTOS VS S.A.S","punto":"FNB - TODOMOTOS MOTOS SANTA MARTA"},{"departamento":"ATLANTICO","aliado":"CORPORACION UNIVERSIDAD DE LA COSTA","punto":"FNB - CUC"},{"departamento":"ATLANTICO","aliado":"DISMERCA S.A.S.","punto":"FNB DISMERCA BQUILLA CRA 8"},{"departamento":"ATLANTICO","aliado":"PISOS Y ENCHAPES RYL SAS","punto":"FNB BODEGAZO CERÁMICO BARRANQUILLA CIRCUNVALAR PISOS Y ENCHAPES"},{"departamento":"CESAR","aliado":"JUAN CARLO LOSADAS SAS","punto":"FNB - LLANTAS Y SERVICIOS PALERMO - JUAN CARLO LOSADA SAS"},{"departamento":"ATLANTICO","aliado":"OTOBAI MOTOR S.A.S","punto":"FNB OTOBAI MOTOR"},{"departamento":"CESAR","aliado":"CARCO SEVE S.A.S","punto":"FNB - CARCO BOSCONIA"},{"departamento":"MAGDALENA","aliado":"MER - K - FACIL S.A.S","punto":"FNB - MERKAFACIL AKITUMOTO RODADERO"},{"departamento":"MAGDALENA","aliado":"CETECOS LTDA.","punto":"FNB - CETECOS LTDA"},{"departamento":"ATLANTICO","aliado":"SUPERTIENDAS OLIMPICA SA","punto":"FNB - OLIMPICA STO 032 CORDIALIDAD - (ALT.)"},{"departamento":"MAGDALENA","aliado":"SUPERTIENDAS OLIMPICA SA","punto":"FNB - OLIMPICA BONGA"},{"departamento":"ATLANTICO","aliado":"SUPERTIENDAS OLIMPICA SA","punto":"FNB - OLIMPICA STO 009 PUERTO COLOMBIA"},{"departamento":"ATLANTICO","aliado":"KREDITKASA SAS","punto":"FNB KREDITKASA PRADO"},{"departamento":"ATLANTICO","aliado":"SUPERTIENDAS OLIMPICA SA","punto":"FNB - OLIMPICA STO 045 LA CIUDADELA"},{"departamento":"CESAR","aliado":"SUPERTIENDAS OLIMPICA SA","punto":"FNB - OLIMPICA STO 015 LA PAZ"},{"departamento":"ATLANTICO","aliado":"SUPERTIENDAS OLIMPICA SA","punto":"FNB - OLIMPICA STO 062 LA PLAYA"},{"departamento":"ATLANTICO","aliado":"SUPERTIENDAS OLIMPICA SA","punto":"FNB - OLIMPICA STO 034 PALMAR DE VARELA"},{"departamento":"ATLANTICO","aliado":"SUPERTIENDAS OLIMPICA SA","punto":"FNB - OLIMPICA STO 029 SABANAGRANDE"},{"departamento":"ATLANTICO","aliado":"SUPERTIENDAS OLIMPICA SA","punto":"FNB - OLIMPICA STO 066 ALAMEDA DEL RIO"},{"departamento":"MAGDALENA","aliado":"SUPERTIENDAS OLIMPICA SA","punto":"FNB - OLIMPICA STO 223 MAMATOCO"},{"departamento":"MAGDALENA","aliado":"SUPERTIENDAS OLIMPICA SA","punto":"FNB - OLIMPICA STO 218 PIVIJAY"},{"departamento":"MAGDALENA","aliado":"SUPERTIENDAS OLIMPICA SA","punto":"FNB - OLIMPICA STO 215 ARACATACA"},{"departamento":"ATLANTICO","aliado":"ADKUA S.A.S","punto":"FNB - ADKUA"},{"departamento":"ATLANTICO","aliado":"SUPERTIENDAS OLIMPICA SA","punto":"FNB ¿ SAO 067 PARQUE ALEGRA"},{"departamento":"CESAR","aliado":"PISOS Y ENCHAPES RYL SAS","punto":"FNB BODEGAZO VALLEDUPAR PISOS Y ENCHAPES RYL SAS"},{"departamento":"MAGDALENA","aliado":"SUPERTIENDAS OLIMPICA SA","punto":"FNB - OLIMPICA STO 330 PLATO"},{"departamento":"ATLANTICO","aliado":"SUPERTIENDAS OLIMPICA SA","punto":"FNB - OLIMPICA STO 054 VILLA CAMPESTRE"},{"departamento":"CESAR","aliado":"ALMACENES LA MEGA SAS","punto":"FNB - MEGA FERRETERIA MERCADO"},{"departamento":"ATLANTICO","aliado":"UNIVERSIDAD SIMON BOLIVAR","punto":"FNB - UNIVERSIDAD SIMON BOLIVAR"},{"departamento":"ATLANTICO","aliado":"SUPERTIENDAS OLIMPICA SA","punto":"FNB - OLIMPICA SUPERTEC 098"},{"departamento":"ATLANTICO","aliado":"CORPORACION EDUCATIVA DR. AMIN ARIZA","punto":"FNB - CORPORACIÓN EDUCATIVA DR. AMIN ARIZA"},{"departamento":"ATLANTICO","aliado":"BE CLARO S.A.S","punto":"FNB - BETIGO TODO CREDITO"},{"departamento":"CESAR","aliado":"PISOS Y ENCHAPES RYL SAS","punto":"FNB SAN LORENZO VALLEDUPAR PISOS Y ENCHAPES RYL SAS"},{"departamento":"ATLANTICO","aliado":"CENTRO DE ENSEÑANZA AUTOMOVILÍSTICA AS REALES","punto":"FNB - AS REALES SEDE 45"},{"departamento":"ATLANTICO","aliado":"FERREMATERIALES RUMBAVANA Y ALGO MAS S.A.S.","punto":"FNB FERREMATERIALES RUMBAVANA Y ALGO MAS SANTA SOFIA"}]